Storm Name,Intensity Category,Latitude (°N),Longitude (°E),Pressure (hPa),Max Sustained Wind (m/s),DateTime(UTC),ConvertedDateTime
Vernon,1,12.0,113.5,1003,12,1984060716,1984-06-07T16
Vernon,1,12.5,112.9,1002,15,1984060722,1984-06-07T22
Vernon,1,13.0,112.6,1002,15,1984060804,1984-06-08T04
Vernon,1,13.5,112.4,999,15,1984060810,1984-06-08T10
Vernon,1,14.0,112.3,999,15,1984060816,1984-06-08T16
Vernon,2,14.3,112.1,998,20,1984060822,1984-06-08T22
Vernon,2,14.8,111.9,994,20,1984060904,1984-06-09T04
Vernon,2,15.2,111.2,994,20,1984060910,1984-06-09T10
Vernon,2,15.5,109.8,995,20,1984060916,1984-06-09T16
Vernon,2,16.1,108.9,996,20,1984060922,1984-06-09T22
Vernon,2,17.0,107.5,998,20,1984061004,1984-06-10T04
Vernon,1,16.7,106.5,1000,15,1984061010,1984-06-10T10
Vernon,1,16.3,104.5,1000,12,1984061016,1984-06-10T16
Ophelia,1,4.2,170.9,1000,15,1958010616,1958-01-06T16
Ophelia,2,4.8,170.2,995,20,1958010622,1958-01-06T22
Ophelia,3,5.3,169.3,990,25,1958010704,1958-01-07T04
Ophelia,4,5.7,168.3,980,35,1958010710,1958-01-07T10
Ophelia,6,6.2,167.1,960,55,1958010716,1958-01-07T16
Ophelia,6,6.6,165.9,940,75,1958010722,1958-01-07T22
Ophelia,6,7.0,164.8,944,75,1958010804,1958-01-08T04
Ophelia,6,7.3,163.7,950,70,1958010810,1958-01-08T10
Ophelia,6,7.4,162.6,955,65,1958010816,1958-01-08T16
Ophelia,6,7.6,161.5,960,60,1958010822,1958-01-08T22
Ophelia,6,7.4,160.1,962,60,1958010904,1958-01-09T04
Ophelia,6,7.4,158.7,962,60,1958010910,1958-01-09T10
Ophelia,6,7.3,157.4,963,60,1958010916,1958-01-09T16
Ophelia,6,7.6,156.2,969,55,1958010922,1958-01-09T22
Ophelia,6,7.8,154.7,972,55,1958011004,1958-01-10T04
Ophelia,5,7.9,153.3,975,50,1958011010,1958-01-10T10
Ophelia,5,7.9,152.0,982,45,1958011016,1958-01-10T16
Ophelia,5,7.9,151.0,982,45,1958011022,1958-01-10T22
Ophelia,5,7.9,149.8,982,45,1958011104,1958-01-11T04
Ophelia,4,8.0,148.3,984,40,1958011110,1958-01-11T10
Ophelia,5,8.1,146.9,980,45,1958011116,1958-01-11T16
Ophelia,5,8.2,145.6,973,50,1958011122,1958-01-11T22
Ophelia,5,8.3,144.2,967,50,1958011204,1958-01-12T04
Ophelia,6,8.6,142.8,960,55,1958011210,1958-01-12T10
Ophelia,6,9.0,141.7,955,60,1958011216,1958-01-12T16
Ophelia,6,9.3,140.4,953,60,1958011222,1958-01-12T22
Ophelia,6,9.6,139.2,948,65,1958011304,1958-01-13T04
Ophelia,6,10.0,138.0,941,75,1958011310,1958-01-13T10
Ophelia,6,10.3,137.2,940,75,1958011316,1958-01-13T16
Ophelia,6,10.8,136.5,939,75,1958011322,1958-01-13T22
Ophelia,6,11.1,136.0,944,70,1958011404,1958-01-14T04
Ophelia,6,11.5,135.5,950,65,1958011410,1958-01-14T10
Ophelia,6,11.9,135.2,955,60,1958011416,1958-01-14T16
Ophelia,6,12.3,135.1,960,55,1958011422,1958-01-14T22
Ophelia,5,12.5,135.0,968,50,1958011504,1958-01-15T04
Ophelia,4,12.7,134.9,976,40,1958011510,1958-01-15T10
Ophelia,4,12.8,135.0,984,35,1958011516,1958-01-15T16
Ophelia,3,12.9,135.3,993,30,1958011522,1958-01-15T22
Ophelia,3,12.4,134.3,995,25,1958011604,1958-01-16T04
Ophelia,3,13.3,132.9,995,25,1958011610,1958-01-16T10
Ophelia,2,14.5,132.7,1000,20,1958011616,1958-01-16T16
Ophelia,2,15.2,133.1,1002,20,1958011622,1958-01-16T22
Ophelia,1,16.0,133.6,1008,15,1958011704,1958-01-17T04
Ophelia,0,16.8,134.2,1010,0,1958011710,1958-01-17T10
Ophelia,0,17.5,135.0,1010,0,1958011716,1958-01-17T16
Irma,2,8.3,153.2,1000,20,1953021922,1953-02-19T22
Irma,2,9.3,151.9,1000,20,1953022004,1953-02-20T04
Irma,2,9.9,150.3,1000,20,1953022010,1953-02-20T10
Irma,3,10.3,148.5,990,30,1953022016,1953-02-20T16
Irma,4,10.5,146.7,980,35,1953022022,1953-02-20T22
Irma,4,11.2,145.5,980,40,1953022104,1953-02-21T04
Irma,4,12.2,144.5,980,40,1953022110,1953-02-21T10
Irma,4,12.8,143.5,980,40,1953022116,1953-02-21T16
Irma,4,13.3,142.4,980,40,1953022122,1953-02-21T22
Irma,4,13.6,141.4,980,40,1953022204,1953-02-22T04
Irma,4,13.8,140.4,980,40,1953022210,1953-02-22T10
Irma,5,14.1,139.4,975,50,1953022216,1953-02-22T16
Irma,5,14.2,138.3,975,50,1953022222,1953-02-22T22
Irma,5,14.2,136.9,980,45,1953022304,1953-02-23T04
Irma,4,14.1,135.8,990,35,1953022310,1953-02-23T10
Irma,4,13.9,134.8,990,35,1953022316,1953-02-23T16
Irma,3,13.8,133.5,995,30,1953022322,1953-02-23T22
Irma,3,13.8,132.0,995,30,1953022404,1953-02-24T04
Irma,3,13.8,130.4,1000,25,1953022410,1953-02-24T10
Irma,3,13.3,128.0,1000,25,1953022416,1953-02-24T16
Irma,2,12.8,126.6,1006,20,1953022422,1953-02-24T22
Irma,1,12.3,125.7,1012,12,1953022504,1953-02-25T04
Irma,0,11.7,124.5,1012,0,1953022510,1953-02-25T10
Irma,0,10.0,122.3,1012,0,1953022516,1953-02-25T16
Wanda,0,8.0,132.2,1000,10,1974010816,1974-01-08T16
Wanda,0,8.2,131.5,1000,10,1974010822,1974-01-08T22
Wanda,1,8.6,130.9,998,15,1974010904,1974-01-09T04
Wanda,2,9.2,130.5,996,20,1974010910,1974-01-09T10
Wanda,3,9.9,130.9,996,25,1974010916,1974-01-09T16
Wanda,3,10.5,131.8,992,30,1974010922,1974-01-09T22
Wanda,3,11.2,132.6,993,30,1974011004,1974-01-10T04
Wanda,3,11.8,133.1,994,25,1974011010,1974-01-10T10
Wanda,2,12.3,133.7,995,20,1974011016,1974-01-10T16
Wanda,2,12.7,134.7,996,20,1974011022,1974-01-10T22
Wanda,1,13.1,135.9,997,15,1974011104,1974-01-11T04
Wanda,1,13.3,136.9,998,15,1974011110,1974-01-11T10
Wanda,1,13.7,137.9,999,15,1974011116,1974-01-11T16
Wanda,2,14.3,138.9,995,20,1974011122,1974-01-11T22
Wanda,2,14.6,140.1,993,20,1974011204,1974-01-12T04
Wanda,2,14.7,141.3,995,20,1974011210,1974-01-12T10
Wanda,1,14.8,142.8,998,15,1974011216,1974-01-12T16
Wanda,1,15.0,144.6,1000,15,1974011222,1974-01-12T22
Wanda,0,15.0,147.1,1002,10,1974011304,1974-01-13T04
Kujira,1,12.8,124.0,1006,13,2009050104,2009-05-01T04
Kujira,1,12.9,124.2,1004,13,2009050110,2009-05-01T10
Kujira,1,13.0,124.3,1004,13,2009050116,2009-05-01T16
Kujira,1,13.2,124.4,1002,15,2009050122,2009-05-01T22
Kujira,1,13.4,124.5,1002,15,2009050204,2009-05-02T04
Kujira,2,13.6,124.5,1000,18,2009050210,2009-05-02T10
Kujira,2,13.9,124.6,996,20,2009050216,2009-05-02T16
Kujira,2,14.1,125.0,990,23,2009050222,2009-05-02T22
Kujira,3,14.5,125.7,990,25,2009050304,2009-05-03T04
Kujira,3,15.0,126.5,985,28,2009050310,2009-05-03T10
Kujira,3,15.7,127.4,980,30,2009050316,2009-05-03T16
Kujira,4,16.4,128.4,975,33,2009050322,2009-05-03T22
Kujira,4,16.8,129.6,960,40,2009050404,2009-05-04T04
Kujira,5,17.1,131.1,950,45,2009050410,2009-05-04T10
Kujira,4,17.6,132.7,960,40,2009050416,2009-05-04T16
Kujira,4,18.3,134.0,960,40,2009050422,2009-05-04T22
Kujira,4,18.8,135.4,960,40,2009050504,2009-05-05T04
Kujira,4,19.5,136.9,960,40,2009050510,2009-05-05T10
Kujira,4,20.4,138.2,960,40,2009050516,2009-05-05T16
Kujira,4,21.6,139.9,960,40,2009050522,2009-05-05T22
Kujira,4,22.7,141.3,965,38,2009050604,2009-05-06T04
Kujira,4,24.2,142.9,975,33,2009050610,2009-05-06T10
Kujira,3,26.0,143.8,985,28,2009050616,2009-05-06T16
Kujira,2,28.2,145.1,990,23,2009050622,2009-05-06T22
Kujira,9,30.2,147.3,995,18,2009050704,2009-05-07T04
Kujira,9,32.3,149.3,998,18,2009050710,2009-05-07T10
Kujira,9,34.4,150.9,1000,18,2009050716,2009-05-07T16
Yanyan,1,6.9,163.1,1004,12,2003011422,2003-01-14T22
Yanyan,1,7.6,161.2,1004,12,2003011504,2003-01-15T04
Yanyan,1,8.2,159.7,1004,15,2003011510,2003-01-15T10
Yanyan,1,8.7,158.2,1004,15,2003011516,2003-01-15T16
Yanyan,1,9.4,156.7,1004,15,2003011522,2003-01-15T22
Yanyan,1,10.2,154.3,1004,15,2003011604,2003-01-16T04
Yanyan,1,11.0,152.8,1004,15,2003011610,2003-01-16T10
Yanyan,1,11.7,150.9,1004,15,2003011616,2003-01-16T16
Yanyan,1,12.4,149.5,1002,15,2003011622,2003-01-16T22
Yanyan,1,12.9,148.6,1002,15,2003011704,2003-01-17T04
Yanyan,1,13.2,147.8,1002,15,2003011710,2003-01-17T10
Yanyan,1,13.6,146.8,1000,15,2003011716,2003-01-17T16
Yanyan,2,14.1,146.6,998,18,2003011722,2003-01-17T22
Yanyan,2,14.5,146.8,998,18,2003011804,2003-01-18T04
Yanyan,2,14.7,147.3,995,18,2003011810,2003-01-18T10
Yanyan,2,14.9,147.9,995,18,2003011816,2003-01-18T16
Yanyan,2,15.2,148.8,995,18,2003011822,2003-01-18T22
Yanyan,2,15.6,150.0,995,18,2003011904,2003-01-19T04
Yanyan,2,16.2,151.3,995,18,2003011910,2003-01-19T10
Yanyan,2,16.8,152.4,995,18,2003011916,2003-01-19T16
Yanyan,2,17.2,153.7,995,18,2003011922,2003-01-19T22
Yanyan,1,17.5,154.9,1000,15,2003012004,2003-01-20T04
Yanyan,1,17.9,156.1,1004,12,2003012010,2003-01-20T10
Yanyan,0,19.0,157.0,1006,10,2003012016,2003-01-20T16
Ivy,1,6.3,134.9,1003,12,1960012722,1960-01-27T22
Ivy,1,6.4,134.0,1002,12,1960012804,1960-01-28T04
Ivy,1,6.5,133.1,1002,12,1960012810,1960-01-28T10
Ivy,1,6.5,132.3,1002,12,1960012816,1960-01-28T16
Ivy,1,6.5,131.6,1002,12,1960012822,1960-01-28T22
Ivy,1,6.8,130.8,1002,12,1960012904,1960-01-29T04
Ivy,1,7.3,130.4,1002,12,1960012910,1960-01-29T10
Ivy,1,8.0,130.3,1002,12,1960012916,1960-01-29T16
Ivy,1,8.5,130.2,1000,15,1960012922,1960-01-29T22
Ivy,1,9.0,130.0,1000,15,1960013004,1960-01-30T04
Ivy,1,9.4,129.6,1000,15,1960013010,1960-01-30T10
Ivy,1,9.7,129.2,1000,15,1960013016,1960-01-30T16
Ivy,1,9.9,128.5,1000,15,1960013022,1960-01-30T22
Ivy,1,10.2,127.8,1000,15,1960013104,1960-01-31T04
Ivy,1,10.8,127.6,1000,15,1960013110,1960-01-31T10
Ivy,1,11.3,127.8,1000,15,1960013116,1960-01-31T16
Ivy,1,11.5,128.4,1000,15,1960013122,1960-01-31T22
Ivy,1,11.8,129.2,1000,15,1960020104,1960-02-01T04
Ivy,1,11.9,130.1,1000,15,1960020110,1960-02-01T10
Ivy,1,12.1,131.0,1002,15,1960020116,1960-02-01T16
Ivy,1,12.7,132.2,1002,15,1960020122,1960-02-01T22
Ivy,1,13.5,133.8,1002,15,1960020204,1960-02-02T04
Ivy,1,14.0,136.6,1004,12,1960020210,1960-02-02T10
Ivy,1,14.0,140.0,1006,12,1960020216,1960-02-02T16
Ivy,0,14.7,143.7,1008,0,1960020222,1960-02-02T22
Ivy,0,16.0,147.2,1010,0,1960020304,1960-02-03T04
Vongfong,1,6.5,132.8,1004,13,2020050816,2020-05-08T16
Vongfong,1,6.7,132.5,1004,13,2020050822,2020-05-08T22
Vongfong,1,7.0,132.2,1004,13,2020050904,2020-05-09T04
Vongfong,1,7.3,131.8,1002,15,2020050910,2020-05-09T10
Vongfong,1,7.6,131.2,1002,15,2020050916,2020-05-09T16
Vongfong,1,7.8,130.7,1002,15,2020050922,2020-05-09T22
Vongfong,1,8.0,130.4,1002,15,2020051004,2020-05-10T04
Vongfong,1,8.2,130.0,1002,15,2020051010,2020-05-10T10
Vongfong,1,8.3,129.6,1002,15,2020051016,2020-05-10T16
Vongfong,1,8.7,129.3,1002,15,2020051022,2020-05-10T22
Vongfong,1,9.1,129.1,1002,15,2020051104,2020-05-11T04
Vongfong,1,9.6,129.2,1002,15,2020051110,2020-05-11T10
Vongfong,1,10.1,129.5,1002,15,2020051116,2020-05-11T16
Vongfong,1,10.8,129.6,1002,15,2020051122,2020-05-11T22
Vongfong,2,11.2,129.5,1000,18,2020051204,2020-05-12T04
Vongfong,2,11.7,129.3,995,20,2020051210,2020-05-12T10
Vongfong,3,11.9,128.9,990,25,2020051216,2020-05-12T16
Vongfong,3,12.1,128.4,980,30,2020051222,2020-05-12T22
Vongfong,4,12.2,127.8,970,38,2020051304,2020-05-13T04
Vongfong,5,12.2,127.0,960,42,2020051310,2020-05-13T10
Vongfong,5,12.1,126.2,955,45,2020051316,2020-05-13T16
Vongfong,5,12.2,125.3,950,48,2020051322,2020-05-13T22
Vongfong,4,12.4,124.5,965,40,2020051404,2020-05-14T04
Vongfong,4,12.8,123.6,970,35,2020051410,2020-05-14T10
Vongfong,4,13.2,122.8,970,35,2020051416,2020-05-14T16
Vongfong,3,13.9,122.0,985,28,2020051422,2020-05-14T22
Vongfong,3,15.0,121.2,990,25,2020051504,2020-05-15T04
Vongfong,2,16.0,120.7,992,23,2020051510,2020-05-15T10
Vongfong,2,16.8,120.2,995,20,2020051516,2020-05-15T16
Vongfong,2,18.1,119.8,998,18,2020051522,2020-05-15T22
Vongfong,1,18.9,119.5,1000,15,2020051604,2020-05-16T04
Vongfong,1,19.8,119.6,1000,15,2020051610,2020-05-16T10
Vongfong,1,20.6,120.1,1002,13,2020051616,2020-05-16T16
Vongfong,1,21.4,121.1,1002,13,2020051622,2020-05-16T22
Vongfong,1,21.8,122.1,1002,13,2020051704,2020-05-17T04
Vongfong,1,22.2,123.1,1002,13,2020051710,2020-05-17T10
Vongfong,1,22.6,124.6,1002,13,2020051716,2020-05-17T16
Nadine,0,5.0,165.0,1004,0,1978010604,1978-01-06T04
Nadine,0,5.8,164.7,1004,0,1978010610,1978-01-06T10
Nadine,0,6.6,164.2,1002,0,1978010616,1978-01-06T16
Nadine,0,7.1,163.9,1002,0,1978010622,1978-01-06T22
Nadine,1,7.7,163.5,1000,12,1978010704,1978-01-07T04
Nadine,1,8.2,162.7,1000,12,1978010710,1978-01-07T10
Nadine,1,8.9,162.0,1000,12,1978010716,1978-01-07T16
Nadine,1,9.5,162.1,996,15,1978010722,1978-01-07T22
Nadine,1,9.8,162.5,996,15,1978010804,1978-01-08T04
Nadine,1,10.2,162.7,996,15,1978010810,1978-01-08T10
Nadine,1,10.3,162.3,996,15,1978010816,1978-01-08T16
Nadine,1,10.2,161.8,996,15,1978010822,1978-01-08T22
Nadine,1,10.0,161.3,996,15,1978010904,1978-01-09T04
Nadine,1,10.2,160.9,996,15,1978010910,1978-01-09T10
Nadine,1,10.9,161.1,996,15,1978010916,1978-01-09T16
Nadine,2,11.7,161.1,992,20,1978010922,1978-01-09T22
Nadine,2,12.6,160.5,990,20,1978011004,1978-01-10T04
Nadine,3,13.7,160.2,985,25,1978011010,1978-01-10T10
Nadine,3,14.5,160.4,985,25,1978011016,1978-01-10T16
Nadine,3,15.3,161.1,980,25,1978011022,1978-01-10T22
Nadine,3,15.9,161.9,980,25,1978011104,1978-01-11T04
Nadine,3,16.5,163.1,976,30,1978011110,1978-01-11T10
Nadine,3,17.1,164.7,975,30,1978011116,1978-01-11T16
Nadine,3,18.0,166.5,973,30,1978011122,1978-01-11T22
Nadine,3,19.0,168.7,973,30,1978011204,1978-01-12T04
Nadine,3,20.2,171.0,972,30,1978011210,1978-01-12T10
Nadine,3,21.2,173.0,975,25,1978011216,1978-01-12T16
Nadine,2,22.8,177.0,980,20,1978011222,1978-01-12T22
Carmen,0,5.7,139.9,1006,0,1949011216,1949-01-12T16
Carmen,0,5.9,139.3,1006,0,1949011222,1949-01-12T22
Carmen,0,6.3,138.7,1006,0,1949011304,1949-01-13T04
Carmen,0,6.7,138.0,1006,0,1949011310,1949-01-13T10
Carmen,0,7.2,137.3,1005,0,1949011316,1949-01-13T16
Carmen,0,7.7,136.7,1005,0,1949011322,1949-01-13T22
Carmen,0,8.2,136.0,1005,0,1949011404,1949-01-14T04
Carmen,0,8.8,135.3,1005,0,1949011410,1949-01-14T10
Carmen,1,9.6,134.8,1005,15,1949011416,1949-01-14T16
Carmen,2,10.8,134.5,1002,20,1949011422,1949-01-14T22
Carmen,3,11.6,134.5,1000,25,1949011504,1949-01-15T04
Carmen,3,12.2,134.6,998,30,1949011510,1949-01-15T10
Carmen,3,12.7,134.7,998,30,1949011516,1949-01-15T16
Carmen,4,13.1,135.1,996,35,1949011522,1949-01-15T22
Carmen,4,13.2,135.3,996,35,1949011604,1949-01-16T04
Carmen,4,13.2,135.6,996,35,1949011610,1949-01-16T10
Carmen,4,13.1,135.9,993,35,1949011616,1949-01-16T16
Carmen,4,12.8,136.1,993,35,1949011622,1949-01-16T22
Carmen,4,12.6,135.9,993,35,1949011704,1949-01-17T04
Carmen,5,12.4,135.6,990,45,1949011710,1949-01-17T10
Carmen,5,12.3,135.2,990,45,1949011716,1949-01-17T16
Carmen,5,12.4,134.5,990,45,1949011722,1949-01-17T22
Carmen,5,12.4,133.8,990,45,1949011804,1949-01-18T04
Carmen,4,12.3,132.8,995,35,1949011810,1949-01-18T10
Carmen,3,12.2,131.8,995,30,1949011816,1949-01-18T16
Carmen,3,12.1,130.9,995,30,1949011822,1949-01-18T22
Carmen,2,11.9,129.9,1000,20,1949011904,1949-01-19T04
Carmen,2,11.7,129.1,1000,20,1949011910,1949-01-19T10
Carmen,1,11.6,128.2,1002,15,1949011916,1949-01-19T16
Carmen,1,11.4,127.4,1004,15,1949011922,1949-01-19T22
Carmen,0,11.3,126.6,1006,0,1949012004,1949-01-20T04
Carmen,0,11.2,125.7,1006,0,1949012010,1949-01-20T10
Carmen,0,11.3,124.9,1008,0,1949012016,1949-01-20T16
Carmen,0,11.4,124.3,1008,0,1949012022,1949-01-20T22
Carmen,0,11.6,123.8,1008,0,1949012104,1949-01-21T04
Carmen,0,11.7,123.3,1008,0,1949012110,1949-01-21T10
Carmen,0,11.9,122.7,1008,0,1949012116,1949-01-21T16
Carmen,0,12.0,122.2,1008,0,1949012122,1949-01-21T22
Carmen,0,12.5,121.2,1008,0,1949012204,1949-01-22T04
Carmen,0,13.3,120.0,1008,0,1949012210,1949-01-22T10
Carmen,0,13.8,119.4,1008,0,1949012216,1949-01-22T16
Carmen,0,14.3,119.1,1008,0,1949012222,1949-01-22T22
Carmen,0,14.7,118.7,1008,0,1949012304,1949-01-23T04
Carmen,0,15.2,118.4,1008,0,1949012310,1949-01-23T10
Carmen,0,15.7,118.2,1008,0,1949012316,1949-01-23T16
Carmen,0,16.1,117.9,1008,0,1949012322,1949-01-23T22
Carmen,0,16.6,117.7,1008,0,1949012404,1949-01-24T04
Carmen,0,17.1,117.4,1010,0,1949012410,1949-01-24T10
Carmen,0,17.5,117.3,1012,0,1949012416,1949-01-24T16
Violet,0,7.7,140.0,1004,10,1954123116,1954-12-31T16
Violet,1,7.4,139.0,1000,15,1954123122,1954-12-31T22
Violet,1,7.2,137.7,1000,15,1955010104,1955-01-01T04
Violet,1,7.0,136.5,1000,15,1955010110,1955-01-01T10
Violet,2,6.9,135.3,998,20,1955010116,1955-01-01T16
Violet,3,6.8,134.5,998,25,1955010122,1955-01-01T22
Violet,3,6.8,133.8,997,25,1955010204,1955-01-02T04
Violet,3,6.8,132.8,997,25,1955010210,1955-01-02T10
Violet,3,6.8,132.0,997,30,1955010216,1955-01-02T16
Violet,3,6.8,131.5,997,30,1955010222,1955-01-02T22
Violet,3,6.8,130.8,997,30,1955010304,1955-01-03T04
Violet,3,6.9,130.4,996,30,1955010310,1955-01-03T10
Violet,3,6.9,129.8,996,30,1955010316,1955-01-03T16
Violet,4,6.9,128.0,995,35,1955010322,1955-01-03T22
Violet,4,6.8,126.5,995,35,1955010404,1955-01-04T04
Violet,3,6.8,125.0,995,30,1955010410,1955-01-04T10
Violet,3,6.9,124.0,995,30,1955010416,1955-01-04T16
Violet,3,7.1,123.1,995,30,1955010422,1955-01-04T22
Violet,2,7.5,122.4,1000,20,1955010504,1955-01-05T04
Violet,2,8.2,121.7,1000,20,1955010510,1955-01-05T10
Violet,2,8.7,121.0,1000,20,1955010516,1955-01-05T16
Violet,1,9.2,120.4,1006,15,1955010522,1955-01-05T22
Violet,0,9.7,119.9,1006,10,1955010604,1955-01-06T04
Violet,0,10.2,119.3,1008,10,1955010610,1955-01-06T10
Violet,0,10.6,118.7,1008,0,1955010616,1955-01-06T16
Violet,0,10.6,118.0,1008,0,1955010622,1955-01-06T22
Violet,0,10.2,117.3,1008,0,1955010704,1955-01-07T04
Violet,0,9.7,116.7,1008,0,1955010710,1955-01-07T10
Violet,0,9.4,116.2,1008,0,1955010716,1955-01-07T16
Violet,0,9.0,115.6,1008,0,1955010722,1955-01-07T22
Violet,0,8.5,115.0,1008,0,1955010804,1955-01-08T04
Kit,0,9.9,142.0,1006,0,1972010316,1972-01-03T16
Kit,1,9.7,141.0,1002,15,1972010322,1972-01-03T22
Kit,1,9.5,140.0,1000,15,1972010404,1972-01-04T04
Kit,1,9.6,138.7,1000,15,1972010410,1972-01-04T10
Kit,1,9.7,137.4,1000,15,1972010416,1972-01-04T16
Kit,1,9.8,136.2,1000,15,1972010422,1972-01-04T22
Kit,1,10.0,135.0,996,15,1972010504,1972-01-05T04
Kit,1,10.1,133.9,996,15,1972010510,1972-01-05T10
Kit,2,10.3,132.8,990,20,1972010516,1972-01-05T16
Kit,2,10.7,132.0,985,20,1972010522,1972-01-05T22
Kit,3,11.1,130.9,980,25,1972010604,1972-01-06T04
Kit,3,11.3,129.6,960,30,1972010610,1972-01-06T10
Kit,5,11.5,128.3,942,50,1972010616,1972-01-06T16
Kit,5,11.6,127.2,933,50,1972010622,1972-01-06T22
Kit,5,11.4,126.1,958,50,1972010704,1972-01-07T04
Kit,4,10.9,125.4,970,40,1972010710,1972-01-07T10
Kit,4,10.7,124.8,980,35,1972010716,1972-01-07T16
Kit,4,10.9,124.4,980,35,1972010722,1972-01-07T22
Kit,3,10.8,123.7,990,30,1972010804,1972-01-08T04
Kit,2,10.8,122.3,995,20,1972010810,1972-01-08T10
Kit,1,12.0,121.7,996,15,1972010816,1972-01-08T16
Kit,1,13.2,122.8,996,15,1972010822,1972-01-08T22
Kit,1,14.3,124.0,998,15,1972010904,1972-01-09T04
Kit,1,15.2,124.7,1000,15,1972010910,1972-01-09T10
Kit,1,15.9,125.3,1002,15,1972010916,1972-01-09T16
Kit,1,16.2,126.0,1002,15,1972010922,1972-01-09T22
Kit,1,16.3,127.1,1004,12,1972011004,1972-01-10T04
Kit,1,16.1,128.1,1004,12,1972011010,1972-01-10T10
Kit,1,15.9,129.1,1004,12,1972011016,1972-01-10T16
Kit,1,15.5,130.0,1000,15,1972011022,1972-01-10T22
Kit,1,15.3,130.8,1000,15,1972011104,1972-01-11T04
Kit,1,15.0,131.4,1000,15,1972011110,1972-01-11T10
Kit,1,14.7,132.0,1000,15,1972011116,1972-01-11T16
Kit,1,14.3,132.6,1000,15,1972011122,1972-01-11T22
Kit,1,13.8,133.1,1000,15,1972011204,1972-01-12T04
BOLAVEN,1,9.6,135.1,1006,13,2017123010,2017-12-30T10
BOLAVEN,1,9.6,134.1,1006,13,2017123016,2017-12-30T16
BOLAVEN,1,9.5,133.2,1006,13,2017123022,2017-12-30T22
BOLAVEN,1,9.2,132.2,1006,13,2017123104,2017-12-31T04
BOLAVEN,1,8.9,131.0,1006,13,2017123110,2017-12-31T10
BOLAVEN,1,8.8,129.8,1006,13,2017123116,2017-12-31T16
BOLAVEN,1,8.9,128.3,1004,15,2017123122,2017-12-31T22
BOLAVEN,1,9.4,126.5,1004,15,2018010104,2018-01-01T04
BOLAVEN,1,9.4,124.5,1004,15,2018010110,2018-01-01T10
BOLAVEN,1,9.3,122.5,1004,15,2018010116,2018-01-01T16
BOLAVEN,1,9.3,120.8,1004,15,2018010122,2018-01-01T22
BOLAVEN,1,9.6,119.2,1004,15,2018010204,2018-01-02T04
BOLAVEN,1,9.9,117.4,1004,15,2018010210,2018-01-02T10
BOLAVEN,2,10.4,116.0,1000,18,2018010216,2018-01-02T16
BOLAVEN,2,10.9,114.8,1000,18,2018010222,2018-01-02T22
BOLAVEN,2,11.2,113.3,1000,18,2018010304,2018-01-03T04
BOLAVEN,2,11.6,112.2,1000,18,2018010310,2018-01-03T10
BOLAVEN,1,12.3,111.0,1004,15,2018010316,2018-01-03T16
BOLAVEN,0,12.2,109.9,1008,10,2018010322,2018-01-03T22
Fabian,1,9.5,132.0,1000,15,1985010416,1985-01-04T16
Fabian,2,10.0,131.0,998,20,1985010422,1985-01-04T22
Fabian,3,10.5,130.5,990,25,1985010504,1985-01-05T04
Fabian,3,11.8,131.3,990,25,1985010510,1985-01-05T10
Fabian,3,12.7,132.8,985,30,1985010516,1985-01-05T16
Fabian,3,13.0,134.0,990,25,1985010522,1985-01-05T22
Fabian,3,12.5,134.5,990,25,1985010604,1985-01-06T04
Fabian,3,12.5,134.5,990,25,1985010610,1985-01-06T10
Fabian,3,12.5,134.5,990,25,1985010616,1985-01-06T16
Fabian,2,12.0,135.0,995,20,1985010622,1985-01-06T22
Fabian,2,11.0,135.5,995,20,1985010704,1985-01-07T04
Fabian,2,11.0,135.5,995,20,1985010710,1985-01-07T10
Fabian,2,11.0,135.5,995,20,1985010716,1985-01-07T16
Fabian,2,10.0,135.0,995,20,1985010722,1985-01-07T22
Fabian,2,10.5,134.3,995,20,1985010804,1985-01-08T04
Fabian,2,11.1,134.3,995,20,1985010810,1985-01-08T10
Fabian,2,11.0,135.0,995,20,1985010816,1985-01-08T16
Fabian,2,10.3,135.6,989,20,1985010822,1985-01-08T22
Fabian,2,10.3,135.6,990,20,1985010904,1985-01-09T04
Fabian,2,9.6,136.3,990,20,1985010910,1985-01-09T10
Fabian,1,9.0,137.5,990,15,1985010916,1985-01-09T16
Fabian,1,9.2,138.4,990,12,1985010922,1985-01-09T22
Fabian,1,9.7,138.7,990,12,1985011004,1985-01-10T04
Fabian,1,10.3,138.9,990,12,1985011010,1985-01-10T10
Fabian,1,10.6,138.5,990,12,1985011016,1985-01-10T16
Fabian,1,10.6,138.5,990,12,1985011022,1985-01-10T22
Fabian,1,10.0,138.5,990,12,1985011104,1985-01-11T04
Fabian,1,9.5,138.5,990,12,1985011110,1985-01-11T10
Fabian,1,9.0,139.0,995,12,1985011116,1985-01-11T16
Fabian,1,9.0,139.0,1000,12,1985011122,1985-01-11T22
Fabian,0,8.5,139.2,1000,10,1985011204,1985-01-12T04
Fabian,0,8.4,138.7,1000,10,1985011210,1985-01-12T10
Fabian,0,8.6,137.9,1000,10,1985011216,1985-01-12T16
Fabian,0,8.8,137.0,1002,10,1985011222,1985-01-12T22
Fabian,0,8.5,136.6,1004,10,1985011304,1985-01-13T04
Fabian,0,8.2,136.2,1004,10,1985011310,1985-01-13T10
Fabian,0,8.0,135.6,1004,10,1985011316,1985-01-13T16
Fabian,0,8.5,134.8,1004,10,1985011322,1985-01-13T22
Fabian,0,9.2,135.4,1004,10,1985011404,1985-01-14T04
Fabian,0,9.6,135.9,1004,10,1985011410,1985-01-14T10
Fabian,0,9.8,136.5,1004,10,1985011416,1985-01-14T16
Fabian,0,9.5,137.2,1006,9,1985011422,1985-01-14T22
IRIS,1,11.5,132.9,1002,15,1999021522,1999-02-15T22
IRIS,1,11.5,132.2,1002,15,1999021604,1999-02-16T04
IRIS,1,11.5,132.0,1002,15,1999021610,1999-02-16T10
IRIS,1,11.6,131.8,1002,15,1999021616,1999-02-16T16
IRIS,1,11.8,131.5,1002,15,1999021622,1999-02-16T22
IRIS,1,12.2,131.0,1002,15,1999021704,1999-02-17T04
IRIS,1,12.6,130.1,1002,15,1999021710,1999-02-17T10
IRIS,1,13.0,129.6,1002,15,1999021716,1999-02-17T16
IRIS,1,13.2,129.0,1004,12,1999021722,1999-02-17T22
IRIS,1,13.5,128.5,1004,12,1999021804,1999-02-18T04
Tapah,1,9.2,134.0,1005,12,2002010922,2002-01-09T22
Tapah,1,9.6,133.4,1005,12,2002011004,2002-01-10T04
Tapah,1,9.9,132.5,1004,15,2002011010,2002-01-10T10
Tapah,1,10.2,131.6,1004,15,2002011016,2002-01-10T16
Tapah,1,10.8,131.0,1004,15,2002011022,2002-01-10T22
Tapah,1,11.4,130.1,1002,15,2002011104,2002-01-11T04
Tapah,1,11.7,129.1,1002,15,2002011110,2002-01-11T10
Tapah,1,12.2,128.0,1002,15,2002011116,2002-01-11T16
Tapah,2,12.9,126.7,998,18,2002011122,2002-01-11T22
Tapah,2,13.9,125.5,995,20,2002011204,2002-01-12T04
Tapah,2,14.5,124.6,995,20,2002011210,2002-01-12T10
Tapah,2,15.1,123.9,998,18,2002011216,2002-01-12T16
Tapah,2,15.5,123.1,998,18,2002011222,2002-01-12T22
Tapah,1,16.2,122.4,1000,15,2002011304,2002-01-13T04
Tapah,1,17.3,122.2,1002,15,2002011310,2002-01-13T10
Tapah,1,19.0,122.1,1004,12,2002011316,2002-01-13T16
Chuck,1,5.2,166.2,1006,12,1995042710,1995-04-27T10
Chuck,1,5.5,166.3,1004,15,1995042716,1995-04-27T16
Chuck,1,6.5,166.5,1004,15,1995042722,1995-04-27T22
Chuck,1,7.0,166.5,1002,15,1995042804,1995-04-28T04
Chuck,1,7.3,166.2,1002,15,1995042810,1995-04-28T10
Chuck,2,7.4,165.5,998,18,1995042816,1995-04-28T16
Chuck,2,7.3,164.5,998,18,1995042822,1995-04-28T22
Chuck,2,7.1,163.7,998,18,1995042904,1995-04-29T04
Chuck,2,6.9,163.1,998,18,1995042910,1995-04-29T10
Chuck,2,6.7,162.7,998,18,1995042916,1995-04-29T16
Chuck,2,6.6,162.6,998,18,1995042922,1995-04-29T22
Chuck,2,6.4,162.3,998,18,1995043004,1995-04-30T04
Chuck,2,5.9,161.9,998,18,1995043010,1995-04-30T10
Chuck,1,5.4,161.6,1002,15,1995043016,1995-04-30T16
Chuck,1,5.9,161.9,1002,15,1995043022,1995-04-30T22
Chuck,1,6.8,161.7,1004,12,1995050104,1995-05-01T04
Chuck,1,7.8,161.3,1004,12,1995050110,1995-05-01T10
Chuck,1,8.8,160.8,1004,12,1995050116,1995-05-01T16
Chuck,1,9.6,160.1,1004,12,1995050122,1995-05-01T22
Chuck,0,10.3,159.2,1006,10,1995050204,1995-05-02T04
Chuck,0,11.0,158.2,1006,10,1995050210,1995-05-02T10
Chuck,0,11.5,157.7,1006,10,1995050216,1995-05-02T16
Chuck,0,11.8,157.1,1006,10,1995050222,1995-05-02T22
Chuck,0,12.0,156.5,1006,10,1995050304,1995-05-03T04
Chuck,0,12.2,155.9,1006,10,1995050310,1995-05-03T10
Chuck,0,12.3,155.2,1008,10,1995050316,1995-05-03T16
Mamie,0,7.0,152.0,1003,10,1982031322,1982-03-13T22
Mamie,0,7.5,150.5,1003,10,1982031404,1982-03-14T04
Mamie,0,7.5,149.0,1003,10,1982031410,1982-03-14T10
Mamie,1,8.0,148.0,1003,12,1982031416,1982-03-14T16
Mamie,1,7.9,147.7,1002,12,1982031422,1982-03-14T22
Mamie,1,7.8,147.2,1002,12,1982031504,1982-03-15T04
Mamie,1,7.5,146.5,1000,15,1982031510,1982-03-15T10
Mamie,2,7.2,146.2,995,20,1982031516,1982-03-15T16
Mamie,3,7.1,145.5,994,25,1982031522,1982-03-15T22
Mamie,3,7.2,144.5,994,25,1982031604,1982-03-16T04
Mamie,3,7.5,143.3,994,25,1982031610,1982-03-16T10
Mamie,3,7.8,142.3,994,25,1982031616,1982-03-16T16
Mamie,3,7.8,141.3,992,25,1982031622,1982-03-16T22
Mamie,3,7.9,140.0,992,25,1982031704,1982-03-17T04
Mamie,3,8.0,138.3,992,25,1982031710,1982-03-17T10
Mamie,3,8.0,136.8,992,25,1982031716,1982-03-17T16
Mamie,3,8.2,135.2,992,25,1982031722,1982-03-17T22
Mamie,3,8.3,133.8,990,25,1982031804,1982-03-18T04
Mamie,3,8.3,132.3,990,25,1982031810,1982-03-18T10
Mamie,3,8.2,130.2,988,30,1982031816,1982-03-18T16
Mamie,3,8.1,128.1,988,30,1982031822,1982-03-18T22
Mamie,3,8.2,126.8,988,30,1982031904,1982-03-19T04
Mamie,3,8.5,125.0,995,25,1982031910,1982-03-19T10
Mamie,2,8.5,122.7,998,20,1982031916,1982-03-19T16
Mamie,2,8.5,121.0,998,20,1982031922,1982-03-19T22
Mamie,2,8.8,119.9,998,20,1982032004,1982-03-20T04
Mamie,2,9.3,118.8,998,20,1982032010,1982-03-20T10
Mamie,1,10.1,118.0,1000,15,1982032016,1982-03-20T16
Mamie,1,11.0,117.0,1002,15,1982032022,1982-03-20T22
Mamie,1,11.3,115.9,1004,15,1982032104,1982-03-21T04
Mamie,1,11.5,115.0,1005,15,1982032110,1982-03-21T10
Mamie,1,11.5,114.5,1005,15,1982032116,1982-03-21T16
Mamie,1,11.6,114.1,1005,15,1982032122,1982-03-21T22
Mamie,1,11.7,113.8,1006,15,1982032204,1982-03-22T04
Mamie,1,11.8,113.5,1006,15,1982032210,1982-03-22T10
Mamie,1,12.0,113.2,1006,15,1982032216,1982-03-22T16
Mamie,1,12.2,112.5,1007,15,1982032222,1982-03-22T22
Mamie,1,12.3,112.0,1007,15,1982032304,1982-03-23T04
Mamie,1,12.5,111.6,1007,15,1982032310,1982-03-23T10
Mamie,1,12.5,110.7,1008,12,1982032316,1982-03-23T16
Mamie,1,12.5,110.0,1008,12,1982032322,1982-03-23T22
Mamie,1,12.0,109.0,1008,12,1982032404,1982-03-24T04
Damrey,1,9.6,136.0,1004,15,2000050416,2000-05-04T16
Damrey,1,9.9,135.0,1004,15,2000050422,2000-05-04T22
Damrey,1,10.2,134.4,1004,15,2000050504,2000-05-05T04
Damrey,1,10.7,133.7,1002,15,2000050510,2000-05-05T10
Damrey,1,11.1,133.0,1002,15,2000050516,2000-05-05T16
Damrey,1,11.8,132.3,1002,15,2000050522,2000-05-05T22
Damrey,1,12.5,132.1,1000,15,2000050604,2000-05-06T04
Damrey,1,13.0,131.8,1000,15,2000050610,2000-05-06T10
Damrey,2,13.2,131.6,995,20,2000050616,2000-05-06T16
Damrey,3,13.4,131.3,985,25,2000050622,2000-05-06T22
Damrey,3,13.7,131.2,980,28,2000050704,2000-05-07T04
Damrey,3,13.8,131.3,980,30,2000050710,2000-05-07T10
Damrey,4,14.0,131.5,975,33,2000050716,2000-05-07T16
Damrey,4,14.3,132.0,970,35,2000050722,2000-05-07T22
Damrey,4,14.6,132.4,970,35,2000050804,2000-05-08T04
Damrey,4,15.1,133.0,965,40,2000050810,2000-05-08T10
Damrey,5,15.6,133.5,955,45,2000050816,2000-05-08T16
Damrey,5,16.4,134.4,945,50,2000050822,2000-05-08T22
Damrey,5,17.3,135.3,940,50,2000050904,2000-05-09T04
Damrey,5,18.7,136.0,935,50,2000050910,2000-05-09T10
Damrey,5,19.5,136.8,935,50,2000050916,2000-05-09T16
Damrey,5,20.8,137.8,945,45,2000050922,2000-05-09T22
Damrey,4,22.2,138.8,955,40,2000051004,2000-05-10T04
Damrey,4,23.0,139.5,955,40,2000051010,2000-05-10T10
Damrey,4,23.7,139.9,965,35,2000051016,2000-05-10T16
Damrey,3,25.1,141.1,975,30,2000051022,2000-05-10T22
Damrey,3,26.0,142.0,980,28,2000051104,2000-05-11T04
Damrey,3,26.9,143.5,980,25,2000051110,2000-05-11T10
Damrey,2,27.7,145.9,990,20,2000051116,2000-05-11T16
Damrey,2,28.3,147.9,995,18,2000051122,2000-05-11T22
Damrey,9,28.4,149.5,998,15,2000051204,2000-05-12T04
Roy,1,6.0,173.0,1000,15,1988010710,1988-01-07T10
Roy,2,7.6,171.8,995,20,1988010716,1988-01-07T16
Roy,2,7.9,170.8,995,20,1988010722,1988-01-07T22
Roy,3,8.3,169.5,990,25,1988010804,1988-01-08T04
Roy,3,8.4,168.0,985,25,1988010810,1988-01-08T10
Roy,3,8.2,166.6,985,25,1988010816,1988-01-08T16
Roy,3,8.3,165.3,985,25,1988010822,1988-01-08T22
Roy,3,8.3,163.8,980,30,1988010904,1988-01-09T04
Roy,3,8.4,162.2,980,30,1988010910,1988-01-09T10
Roy,4,8.7,160.0,970,35,1988010916,1988-01-09T16
Roy,5,9.3,157.5,955,45,1988010922,1988-01-09T22
Roy,5,10.0,155.4,945,50,1988011004,1988-01-10T04
Roy,5,10.8,153.4,945,50,1988011010,1988-01-10T10
Roy,5,11.4,151.9,945,50,1988011016,1988-01-10T16
Roy,5,11.8,150.4,950,50,1988011022,1988-01-10T22
Roy,5,12.3,149.0,950,50,1988011104,1988-01-11T04
Roy,5,12.8,147.8,950,50,1988011110,1988-01-11T10
Roy,5,13.2,147.0,950,50,1988011116,1988-01-11T16
Roy,5,14.0,145.7,945,50,1988011122,1988-01-11T22
Roy,5,14.3,144.4,945,50,1988011204,1988-01-12T04
Roy,5,14.8,143.3,945,50,1988011210,1988-01-12T10
Roy,5,15.0,142.5,940,50,1988011216,1988-01-12T16
Roy,5,15.3,141.7,940,50,1988011222,1988-01-12T22
Roy,5,15.3,141.2,945,45,1988011304,1988-01-13T04
Roy,5,14.7,140.3,945,45,1988011310,1988-01-13T10
Roy,5,14.2,139.2,945,45,1988011316,1988-01-13T16
Roy,4,13.5,137.6,950,40,1988011322,1988-01-13T22
Roy,4,12.7,135.9,950,40,1988011404,1988-01-14T04
Roy,4,12.3,134.1,950,40,1988011410,1988-01-14T10
Roy,5,12.4,132.0,945,45,1988011416,1988-01-14T16
Roy,5,12.7,129.7,945,45,1988011422,1988-01-14T22
Roy,4,12.8,127.8,950,40,1988011504,1988-01-15T04
Roy,4,12.9,126.1,950,40,1988011510,1988-01-15T10
Roy,4,13.0,124.2,960,35,1988011516,1988-01-15T16
Roy,4,13.3,123.0,970,35,1988011522,1988-01-15T22
Roy,3,13.5,122.2,980,30,1988011604,1988-01-16T04
Roy,3,13.6,121.3,985,25,1988011610,1988-01-16T10
Roy,2,13.6,120.0,990,20,1988011616,1988-01-16T16
Roy,2,13.6,117.9,990,20,1988011622,1988-01-16T22
Roy,2,13.7,116.9,990,20,1988011704,1988-01-17T04
Roy,2,13.6,115.9,995,20,1988011710,1988-01-17T10
Roy,2,13.4,114.9,998,20,1988011716,1988-01-17T16
Roy,1,13.3,114.0,1002,15,1988011722,1988-01-17T22
Winona,1,16.7,156.7,1002,15,1989011710,1989-01-17T10
Winona,1,16.9,154.3,1002,15,1989011716,1989-01-17T16
Winona,1,16.7,152.0,1002,15,1989011722,1989-01-17T22
Winona,1,16.3,150.2,1000,15,1989011804,1989-01-18T04
Winona,1,16.0,148.2,1000,15,1989011810,1989-01-18T10
Winona,1,15.5,145.6,1000,15,1989011816,1989-01-18T16
Winona,2,15.2,143.4,995,20,1989011822,1989-01-18T22
Winona,2,14.0,140.0,995,20,1989011904,1989-01-19T04
Winona,2,13.4,137.0,995,20,1989011910,1989-01-19T10
Winona,2,13.0,133.8,995,20,1989011916,1989-01-19T16
Winona,1,13.6,132.1,1000,15,1989011922,1989-01-19T22
Winona,1,14.0,130.4,1002,15,1989012004,1989-01-20T04
Winona,1,13.5,128.5,1002,12,1989012010,1989-01-20T10
Winona,1,13.0,127.0,1004,12,1989012016,1989-01-20T16
NICHOLE,1,20.1,118.3,1004,12,1998070716,1998-07-07T16
NICHOLE,1,20.8,118.8,1002,15,1998070722,1998-07-07T22
NICHOLE,1,21.6,118.7,1002,15,1998070804,1998-07-08T04
NICHOLE,1,22.1,118.6,1002,15,1998070810,1998-07-08T10
NICHOLE,1,22.5,118.6,1002,15,1998070816,1998-07-08T16
NICHOLE,2,22.8,119.0,998,18,1998070822,1998-07-08T22
NICHOLE,2,22.9,119.5,998,18,1998070904,1998-07-09T04
NICHOLE,2,23.0,120.3,998,18,1998070910,1998-07-09T10
NICHOLE,2,23.9,119.8,998,18,1998070916,1998-07-09T16
NICHOLE,1,24.2,119.3,1000,15,1998070922,1998-07-09T22
NICHOLE,1,24.4,119.1,1000,15,1998071004,1998-07-10T04
NICHOLE,1,24.5,118.7,1002,12,1998071010,1998-07-10T10
NICHOLE,1,24.4,118.1,1002,12,1998071016,1998-07-10T16
Irma,1,5.0,169.0,1006,12,1993030816,1993-03-08T16
Irma,1,5.0,168.0,1004,12,1993030822,1993-03-08T22
Irma,1,5.0,167.0,1002,15,1993030904,1993-03-09T04
Irma,1,5.2,166.0,1002,15,1993030910,1993-03-09T10
Irma,1,5.3,165.0,1002,15,1993030916,1993-03-09T16
Irma,1,5.5,164.5,1002,15,1993030922,1993-03-09T22
Irma,1,5.4,164.0,1002,15,1993031004,1993-03-10T04
Irma,1,5.3,163.5,1002,15,1993031010,1993-03-10T10
Irma,1,5.2,163.0,1002,15,1993031016,1993-03-10T16
Irma,1,5.4,162.3,1000,15,1993031022,1993-03-10T22
Irma,1,5.0,162.0,1000,15,1993031104,1993-03-11T04
Irma,1,4.7,162.1,1000,15,1993031110,1993-03-11T10
Irma,1,4.5,162.5,1000,15,1993031116,1993-03-11T16
Irma,1,4.5,162.5,1000,15,1993031122,1993-03-11T22
Irma,1,5.8,162.0,1000,15,1993031204,1993-03-12T04
Irma,1,5.9,161.0,1000,15,1993031210,1993-03-12T10
Irma,1,6.6,159.5,1000,15,1993031216,1993-03-12T16
Irma,1,7.5,158.5,1000,15,1993031222,1993-03-12T22
Irma,2,8.8,156.9,995,20,1993031304,1993-03-13T04
Irma,2,10.0,155.8,995,20,1993031310,1993-03-13T10
Irma,3,10.8,154.6,992,25,1993031316,1993-03-13T16
Irma,3,11.7,153.2,990,25,1993031322,1993-03-13T22
Irma,3,12.4,152.4,990,25,1993031404,1993-03-14T04
Irma,3,12.9,151.7,990,25,1993031410,1993-03-14T10
Irma,3,13.3,150.7,990,25,1993031416,1993-03-14T16
Irma,3,13.6,150.0,990,25,1993031422,1993-03-14T22
Irma,3,14.5,149.6,990,25,1993031504,1993-03-15T04
Irma,3,15.4,149.6,990,25,1993031510,1993-03-15T10
Irma,3,16.4,150.0,990,25,1993031516,1993-03-15T16
Irma,3,16.8,150.8,990,25,1993031522,1993-03-15T22
Irma,3,17.2,151.2,990,25,1993031604,1993-03-16T04
Irma,3,17.6,151.6,990,25,1993031610,1993-03-16T10
Irma,2,17.6,151.6,995,20,1993031616,1993-03-16T16
Irma,2,17.6,151.6,998,20,1993031622,1993-03-16T22
Irma,1,18.0,152.0,1000,15,1993031704,1993-03-17T04
Rita,0,7.0,141.0,1005,0,1961011304,1961-01-13T04
Rita,0,7.3,139.4,1002,0,1961011310,1961-01-13T10
Rita,0,7.5,137.6,1002,0,1961011316,1961-01-13T16
Rita,1,7.6,136.5,1000,15,1961011322,1961-01-13T22
Rita,1,8.0,135.4,1000,15,1961011404,1961-01-14T04
Rita,1,8.4,133.9,1000,15,1961011410,1961-01-14T10
Rita,1,9.1,132.6,1002,15,1961011416,1961-01-14T16
Rita,1,9.4,132.3,1002,15,1961011422,1961-01-14T22
Rita,1,9.7,132.1,1000,15,1961011504,1961-01-15T04
Rita,1,9.9,131.9,1000,15,1961011510,1961-01-15T10
Rita,2,10.2,131.8,999,20,1961011516,1961-01-15T16
Rita,2,10.6,131.8,996,20,1961011522,1961-01-15T22
Rita,2,11.1,132.1,998,20,1961011604,1961-01-16T04
Rita,2,11.5,132.5,998,20,1961011610,1961-01-16T10
Rita,1,11.8,133.2,1000,15,1961011616,1961-01-16T16
Rita,1,12.0,133.9,1000,15,1961011622,1961-01-16T22
Rita,1,12.2,134.7,1002,15,1961011704,1961-01-17T04
Rita,1,12.3,135.5,1002,15,1961011710,1961-01-17T10
Rita,1,12.4,136.2,1002,15,1961011716,1961-01-17T16
Rita,1,12.5,137.0,1000,15,1961011722,1961-01-17T22
Rita,1,12.6,137.9,1000,15,1961011804,1961-01-18T04
Rita,1,12.8,138.9,1002,15,1961011810,1961-01-18T10
Rita,1,13.2,139.7,1002,15,1961011816,1961-01-18T16
Rita,1,13.5,140.3,1002,15,1961011822,1961-01-18T22
Rita,0,13.9,141.1,1004,10,1961011904,1961-01-19T04
Rita,0,14.3,141.8,1004,10,1961011910,1961-01-19T10
Rita,0,14.7,142.5,1004,10,1961011916,1961-01-19T16
Rita,0,15.0,143.5,1004,10,1961011922,1961-01-19T22
Judy,1,4.5,152.5,1002,15,1986013004,1986-01-30T04
Judy,1,3.5,151.0,1002,15,1986013010,1986-01-30T10
Judy,1,2.7,150.0,1002,15,1986013016,1986-01-30T16
Judy,1,3.0,148.5,1000,15,1986013022,1986-01-30T22
Judy,1,3.3,147.0,1000,15,1986013104,1986-01-31T04
Judy,1,3.9,145.5,1000,15,1986013110,1986-01-31T10
Judy,1,4.3,143.6,998,15,1986013116,1986-01-31T16
Judy,2,4.5,142.0,998,20,1986013122,1986-01-31T22
Judy,2,5.0,141.0,998,20,1986020104,1986-02-01T04
Judy,2,5.5,139.0,996,20,1986020110,1986-02-01T10
Judy,2,6.4,137.5,996,20,1986020116,1986-02-01T16
Judy,2,7.8,136.2,994,20,1986020122,1986-02-01T22
Judy,3,8.8,134.9,992,25,1986020204,1986-02-02T04
Judy,3,9.7,133.2,990,25,1986020210,1986-02-02T10
Judy,3,10.7,132.2,990,25,1986020216,1986-02-02T16
Judy,3,11.4,131.7,983,30,1986020222,1986-02-02T22
Judy,3,12.4,131.0,983,30,1986020304,1986-02-03T04
Judy,3,13.5,130.8,980,30,1986020310,1986-02-03T10
Judy,4,15.0,131.6,975,35,1986020316,1986-02-03T16
Judy,4,16.1,132.3,975,35,1986020322,1986-02-03T22
Judy,4,17.1,133.5,972,35,1986020404,1986-02-04T04
Judy,4,18.0,135.2,970,35,1986020410,1986-02-04T10
Judy,3,18.7,136.5,975,30,1986020416,1986-02-04T16
Judy,3,18.7,138.0,980,25,1986020422,1986-02-04T22
Judy,2,18.5,139.0,998,20,1986020504,1986-02-05T04
Judy,1,18.8,140.2,1000,15,1986020510,1986-02-05T10
Judy,1,18.7,141.8,1005,15,1986020516,1986-02-05T16
Sonamu,0,4.3,140.8,1008,10,2012123116,2012-12-31T16
Sonamu,0,4.5,139.0,1006,10,2012123122,2012-12-31T22
Sonamu,0,5.0,136.8,1006,10,2013010104,2013-01-01T04
Sonamu,1,5.8,134.5,1004,13,2013010110,2013-01-01T10
Sonamu,1,6.4,132.2,1006,13,2013010116,2013-01-01T16
Sonamu,1,7.3,130.0,1004,13,2013010122,2013-01-01T22
Sonamu,1,7.7,128.1,1006,13,2013010204,2013-01-02T04
Sonamu,1,8.1,126.3,1004,15,2013010210,2013-01-02T10
Sonamu,1,8.6,123.5,1004,15,2013010216,2013-01-02T16
Sonamu,1,8.9,121.3,1004,15,2013010222,2013-01-02T22
Sonamu,2,8.8,119.5,1002,18,2013010304,2013-01-03T04
Sonamu,2,8.7,117.9,1002,18,2013010310,2013-01-03T10
Sonamu,2,8.6,116.7,1002,18,2013010316,2013-01-03T16
Sonamu,2,8.5,115.2,1000,20,2013010322,2013-01-03T22
Sonamu,2,8.3,114.1,998,20,2013010404,2013-01-04T04
Sonamu,2,8.1,113.1,996,20,2013010410,2013-01-04T10
Sonamu,2,8.0,112.1,992,23,2013010416,2013-01-04T16
Sonamu,2,7.9,111.4,992,23,2013010422,2013-01-04T22
Sonamu,2,7.7,110.8,992,23,2013010504,2013-01-05T04
Sonamu,2,7.5,110.5,992,23,2013010510,2013-01-05T10
Sonamu,2,7.4,110.1,992,23,2013010516,2013-01-05T16
Sonamu,2,7.3,109.6,994,20,2013010522,2013-01-05T22
Sonamu,2,7.3,109.1,998,20,2013010604,2013-01-06T04
Sonamu,2,7.1,108.7,998,20,2013010610,2013-01-06T10
Sonamu,2,6.7,108.3,998,20,2013010616,2013-01-06T16
Sonamu,2,6.4,108.3,1000,18,2013010622,2013-01-06T22
Sonamu,2,6.1,108.4,1000,18,2013010704,2013-01-07T04
Sonamu,2,5.9,108.5,1002,18,2013010710,2013-01-07T10
Sonamu,1,5.7,108.6,1004,15,2013010716,2013-01-07T16
Sonamu,1,5.5,108.9,1006,15,2013010722,2013-01-07T22
Sonamu,1,5.1,109.3,1006,15,2013010804,2013-01-08T04
Sonamu,1,4.6,109.8,1008,13,2013010810,2013-01-08T10
Sonamu,1,4.2,110.3,1008,13,2013010816,2013-01-08T16
Sonamu,0,4.0,110.7,1010,10,2013010822,2013-01-08T22
Koryn,1,7.0,152.5,1000,15,1990011122,1990-01-11T22
Koryn,1,8.0,151.5,1000,15,1990011204,1990-01-12T04
Koryn,1,8.5,150.5,998,15,1990011210,1990-01-12T10
Koryn,1,9.0,149.5,998,15,1990011216,1990-01-12T16
Koryn,2,9.7,148.2,995,20,1990011222,1990-01-12T22
Koryn,2,11.2,146.6,995,20,1990011304,1990-01-13T04
Koryn,2,12.7,145.5,995,20,1990011310,1990-01-13T10
Koryn,3,13.3,145.4,990,25,1990011316,1990-01-13T16
Koryn,3,14.0,145.5,985,25,1990011322,1990-01-13T22
Koryn,3,14.5,145.5,980,30,1990011404,1990-01-14T04
Koryn,4,15.0,145.6,970,35,1990011410,1990-01-14T10
Koryn,4,15.5,145.8,970,35,1990011416,1990-01-14T16
Koryn,3,16.2,146.1,980,30,1990011422,1990-01-14T22
Koryn,3,16.6,146.2,980,30,1990011504,1990-01-15T04
Koryn,3,17.1,146.2,985,25,1990011510,1990-01-15T10
Koryn,3,17.8,146.2,985,25,1990011516,1990-01-15T16
Koryn,3,19.4,146.4,990,25,1990011522,1990-01-15T22
Koryn,3,21.2,146.9,990,25,1990011604,1990-01-16T04
Koryn,2,22.8,148.3,995,20,1990011610,1990-01-16T10
Koryn,2,24.0,151.0,995,20,1990011616,1990-01-16T16
Koryn,2,26.0,154.5,995,20,1990011622,1990-01-16T22
Koryn,1,29.5,160.0,995,15,1990011704,1990-01-17T04
Georgia,0,5.7,158.3,1002,10,1951031722,1951-03-17T22
Georgia,1,6.0,159.4,1002,12,1951031804,1951-03-18T04
Georgia,1,6.3,160.4,1000,15,1951031810,1951-03-18T10
Georgia,1,6.7,161.5,1000,15,1951031816,1951-03-18T16
Georgia,1,7.0,162.5,998,15,1951031822,1951-03-18T22
Georgia,1,7.3,163.6,998,15,1951031904,1951-03-19T04
Georgia,2,7.4,164.7,994,20,1951031910,1951-03-19T10
Georgia,3,7.5,166.3,990,25,1951031916,1951-03-19T16
Georgia,3,7.7,167.5,990,25,1951031922,1951-03-19T22
Georgia,3,8.0,168.5,985,30,1951032004,1951-03-20T04
Georgia,4,8.2,169.5,980,35,1951032010,1951-03-20T10
Georgia,4,8.5,170.5,980,35,1951032016,1951-03-20T16
Georgia,5,8.8,171.5,978,45,1951032022,1951-03-20T22
Georgia,5,9.1,171.9,978,45,1951032104,1951-03-21T04
Georgia,5,9.4,172.2,978,45,1951032110,1951-03-21T10
Georgia,5,9.7,172.3,970,50,1951032116,1951-03-21T16
Georgia,5,10.1,172.3,970,50,1951032122,1951-03-21T22
Georgia,5,10.4,172.0,970,50,1951032204,1951-03-22T04
Georgia,5,10.6,171.6,970,50,1951032210,1951-03-22T10
Georgia,5,10.8,171.1,970,50,1951032216,1951-03-22T16
Georgia,4,11.0,170.7,975,40,1951032222,1951-03-22T22
Georgia,4,11.2,169.6,980,35,1951032304,1951-03-23T04
Georgia,3,11.0,168.5,985,30,1951032310,1951-03-23T10
Georgia,3,10.5,166.7,985,30,1951032316,1951-03-23T16
Georgia,3,10.4,165.2,985,30,1951032322,1951-03-23T22
Georgia,3,10.2,163.6,990,25,1951032404,1951-03-24T04
Georgia,2,10.3,162.7,995,20,1951032410,1951-03-24T10
Georgia,1,10.7,162.3,1000,15,1951032416,1951-03-24T16
Georgia,1,11.3,161.8,1000,15,1951032422,1951-03-24T22
Georgia,0,11.5,161.1,1004,0,1951032504,1951-03-25T04
Georgia,0,11.4,160.3,1004,0,1951032510,1951-03-25T10
Georgia,0,10.9,159.5,1006,0,1951032516,1951-03-25T16
Georgia,0,10.4,158.7,1006,0,1951032522,1951-03-25T22
Georgia,0,10.2,157.8,1006,0,1951032604,1951-03-26T04
Georgia,0,10.0,156.8,1006,0,1951032610,1951-03-26T10
Georgia,0,10.0,155.9,1006,0,1951032616,1951-03-26T16
Georgia,0,10.0,155.0,1006,0,1951032622,1951-03-26T22
Tess,0,11.5,134.2,1006,0,1964051216,1964-05-12T16
Tess,0,11.7,133.8,1006,0,1964051222,1964-05-12T22
Tess,0,11.8,133.4,1006,0,1964051304,1964-05-13T04
Tess,0,12.0,133.0,1006,0,1964051310,1964-05-13T10
Tess,0,12.1,132.7,1006,0,1964051316,1964-05-13T16
Tess,1,12.2,132.2,1004,15,1964051322,1964-05-13T22
Tess,1,12.5,132.0,1002,15,1964051404,1964-05-14T04
Tess,1,12.7,131.9,1002,15,1964051410,1964-05-14T10
Tess,2,12.9,131.9,1000,20,1964051416,1964-05-14T16
Tess,2,13.0,131.6,999,20,1964051422,1964-05-14T22
Tess,2,12.8,131.3,1000,20,1964051504,1964-05-15T04
Tess,2,12.4,130.8,1000,20,1964051510,1964-05-15T10
Tess,2,11.9,130.3,1000,20,1964051516,1964-05-15T16
Tess,2,11.7,130.1,1000,20,1964051522,1964-05-15T22
Tess,2,11.4,129.9,1000,20,1964051604,1964-05-16T04
Tess,2,11.3,129.7,998,20,1964051610,1964-05-16T10
Tess,1,11.6,129.6,998,15,1964051616,1964-05-16T16
Tess,1,11.6,129.9,998,15,1964051622,1964-05-16T22
Tess,1,12.0,130.6,998,15,1964051704,1964-05-17T04
Tess,1,12.3,131.5,997,15,1964051710,1964-05-17T10
Tess,2,12.6,132.5,996,20,1964051716,1964-05-17T16
Tess,2,12.7,132.7,994,20,1964051722,1964-05-17T22
Tess,2,12.7,133.4,992,20,1964051804,1964-05-18T04
Tess,3,12.6,134.3,990,25,1964051810,1964-05-18T10
Tess,3,12.5,135.5,988,30,1964051816,1964-05-18T16
Tess,3,12.7,137.2,986,30,1964051822,1964-05-18T22
Tess,4,13.4,139.0,984,35,1964051904,1964-05-19T04
Tess,4,14.3,140.5,983,35,1964051910,1964-05-19T10
Tess,4,15.4,142.0,981,40,1964051916,1964-05-19T16
Tess,4,16.5,143.7,979,40,1964051922,1964-05-19T22
Tess,4,17.0,145.6,976,40,1964052004,1964-05-20T04
Tess,4,18.6,147.5,974,40,1964052010,1964-05-20T10
Tess,5,20.6,149.1,973,45,1964052016,1964-05-20T16
Tess,5,22.3,150.4,970,50,1964052022,1964-05-20T22
Tess,5,23.7,151.8,966,50,1964052104,1964-05-21T04
Tess,5,25.2,152.8,968,50,1964052110,1964-05-21T10
Tess,5,26.6,153.0,970,45,1964052116,1964-05-21T16
Tess,4,28.2,154.3,974,40,1964052122,1964-05-21T22
Tess,4,29.5,155.5,974,35,1964052204,1964-05-22T04
Tess,4,30.8,156.7,975,35,1964052210,1964-05-22T10
Tess,3,31.9,157.8,980,30,1964052216,1964-05-22T16
Tess,3,32.8,158.8,980,30,1964052222,1964-05-22T22
Tess,3,33.5,159.9,980,30,1964052304,1964-05-23T04
Tess,3,34.1,160.9,985,25,1964052310,1964-05-23T10
Tess,9,34.9,162.1,990,25,1964052316,1964-05-23T16
Tess,9,35.3,163.5,992,0,1964052322,1964-05-23T22
Tess,9,35.6,164.8,996,0,1964052404,1964-05-24T04
Tess,9,36.0,166.7,1000,0,1964052410,1964-05-24T10
Tess,9,36.0,168.2,1000,0,1964052416,1964-05-24T16
Tess,9,36.0,169.2,1002,0,1964052422,1964-05-24T22
Tess,9,36.0,170.5,1004,0,1964052504,1964-05-25T04
Tess,9,36.2,171.4,1008,0,1964052510,1964-05-25T10
Tess,9,36.5,172.7,1008,0,1964052516,1964-05-25T16
Tess,9,36.8,173.5,1010,0,1964052522,1964-05-25T22
Tess,9,36.9,173.9,1012,0,1964052604,1964-05-26T04
Tess,9,37.0,174.0,1012,0,1964052610,1964-05-26T10
Tess,9,37.0,174.2,1014,0,1964052616,1964-05-26T16
Tess,9,37.0,174.4,1014,0,1964052622,1964-05-26T22
Malakas,1,3.9,148.5,1002,13,2022040616,2022-04-06T16
Malakas,1,4.0,147.6,1002,13,2022040622,2022-04-06T22
Malakas,1,4.2,147.0,1000,15,2022040704,2022-04-07T04
Malakas,1,4.5,146.4,1000,15,2022040710,2022-04-07T10
Malakas,2,5.0,146.2,998,18,2022040716,2022-04-07T16
Malakas,2,5.6,145.8,998,18,2022040722,2022-04-07T22
Malakas,2,6.2,145.2,998,18,2022040804,2022-04-08T04
Malakas,2,6.6,144.7,995,20,2022040810,2022-04-08T10
Malakas,2,7.0,144.2,995,20,2022040816,2022-04-08T16
Malakas,2,7.4,143.6,995,20,2022040822,2022-04-08T22
Malakas,2,8.2,142.5,992,23,2022040904,2022-04-09T04
Malakas,2,9.4,141.3,992,23,2022040910,2022-04-09T10
Malakas,3,10.6,139.8,990,25,2022040916,2022-04-09T16
Malakas,3,11.3,138.6,990,25,2022040922,2022-04-09T22
Malakas,3,11.8,137.3,990,25,2022041004,2022-04-10T04
Malakas,3,11.9,136.8,990,25,2022041010,2022-04-10T10
Malakas,3,12.4,136.4,990,25,2022041016,2022-04-10T16
Malakas,3,13.3,136.0,990,25,2022041022,2022-04-10T22
Malakas,3,14.1,135.7,985,28,2022041104,2022-04-11T04
Malakas,3,14.7,135.6,980,30,2022041110,2022-04-11T10
Malakas,4,15.3,135.1,975,33,2022041116,2022-04-11T16
Malakas,4,15.8,135.1,965,38,2022041122,2022-04-11T22
Malakas,4,16.1,135.4,955,42,2022041204,2022-04-12T04
Malakas,4,16.7,135.9,955,42,2022041210,2022-04-12T10
Malakas,5,17.3,136.4,945,48,2022041216,2022-04-12T16
Malakas,5,17.8,137.0,945,48,2022041222,2022-04-12T22
Malakas,5,18.8,137.6,945,48,2022041304,2022-04-13T04
Malakas,6,19.7,137.5,940,52,2022041310,2022-04-13T10
Malakas,6,20.6,138.0,940,52,2022041316,2022-04-13T16
Malakas,5,21.6,138.5,950,45,2022041322,2022-04-13T22
Malakas,5,22.7,139.2,955,42,2022041404,2022-04-14T04
Malakas,4,24.3,140.3,960,38,2022041410,2022-04-14T10
Malakas,4,26.3,140.9,965,33,2022041416,2022-04-14T16
Malakas,3,28.1,141.9,970,28,2022041422,2022-04-14T22
Malakas,3,30.1,143.9,975,25,2022041504,2022-04-15T04
Malakas,3,32.3,146.8,975,25,2022041510,2022-04-15T10
Malakas,9,34.8,149.4,978,23,2022041516,2022-04-15T16
Malakas,9,38.1,152.2,978,23,2022041522,2022-04-15T22
Malakas,9,41.9,155.7,978,23,2022041604,2022-04-16T04
Malakas,9,44.4,158.1,970,20,2022041610,2022-04-16T10
Malakas,9,46.8,161.0,970,20,2022041616,2022-04-16T16
Malakas,9,49.1,166.0,970,20,2022041622,2022-04-16T22
Malakas,9,51.2,171.6,970,20,2022041704,2022-04-17T04
Malakas,9,53.1,178.4,970,20,2022041710,2022-04-17T10
Malakas,9,53.4,184.8,972,18,2022041716,2022-04-17T16
Kathy,2,5.6,147.7,1000,20,1976012716,1976-01-27T16
Kathy,2,6.2,146.6,989,20,1976012722,1976-01-27T22
Kathy,2,6.6,145.2,995,20,1976012804,1976-01-28T04
Kathy,2,6.8,144.2,995,20,1976012810,1976-01-28T10
Kathy,2,6.8,143.6,997,20,1976012816,1976-01-28T16
Kathy,3,6.9,143.0,997,25,1976012822,1976-01-28T22
Kathy,3,7.8,141.5,990,25,1976012904,1976-01-29T04
Kathy,3,9.3,140.1,985,30,1976012910,1976-01-29T10
Kathy,4,10.2,139.5,980,35,1976012916,1976-01-29T16
Kathy,4,11.0,138.6,975,40,1976012922,1976-01-29T22
Kathy,4,12.2,138.3,971,40,1976013004,1976-01-30T04
Kathy,4,13.5,138.2,971,40,1976013010,1976-01-30T10
Kathy,5,14.6,138.4,971,45,1976013016,1976-01-30T16
Kathy,5,15.6,138.7,971,50,1976013022,1976-01-30T22
Kathy,5,16.6,139.8,975,45,1976013104,1976-01-31T04
Kathy,5,17.4,141.1,985,45,1976013110,1976-01-31T10
Kathy,4,17.9,142.5,990,40,1976013116,1976-01-31T16
Kathy,4,18.6,144.3,995,35,1976013122,1976-01-31T22
Kathy,4,19.6,146.0,995,35,1976020104,1976-02-01T04
Kathy,3,20.7,148.2,995,30,1976020110,1976-02-01T10
Kathy,3,21.7,150.9,995,25,1976020116,1976-02-01T16
Kathy,2,22.2,153.6,995,20,1976020122,1976-02-01T22
Kathy,2,22.6,157.0,997,20,1976020204,1976-02-02T04
Kathy,1,22.6,160.0,1000,15,1976020210,1976-02-02T10
Nancy,0,7.0,151.4,1006,10,1970021816,1970-02-18T16
Nancy,0,7.5,151.0,1002,10,1970021822,1970-02-18T22
Nancy,1,8.0,150.5,998,15,1970021904,1970-02-19T04
Nancy,2,8.4,149.8,992,20,1970021910,1970-02-19T10
Nancy,3,8.6,148.9,986,30,1970021916,1970-02-19T16
Nancy,3,8.6,148.0,988,30,1970021922,1970-02-19T22
Nancy,3,8.6,147.5,992,25,1970022004,1970-02-20T04
Nancy,3,8.6,147.2,992,25,1970022010,1970-02-20T10
Nancy,3,8.6,146.5,990,25,1970022016,1970-02-20T16
Nancy,3,8.6,145.7,987,25,1970022022,1970-02-20T22
Nancy,3,8.5,144.8,984,30,1970022104,1970-02-21T04
Nancy,3,8.3,143.8,980,30,1970022110,1970-02-21T10
Nancy,3,8.1,142.5,978,30,1970022116,1970-02-21T16
Nancy,4,8.1,141.2,975,40,1970022122,1970-02-21T22
Nancy,5,8.6,139.9,970,45,1970022204,1970-02-22T04
Nancy,6,8.9,138.4,960,55,1970022210,1970-02-22T10
Nancy,6,9.1,137.1,960,55,1970022216,1970-02-22T16
Nancy,6,9.2,135.6,960,55,1970022222,1970-02-22T22
Nancy,6,9.5,134.2,957,55,1970022304,1970-02-23T04
Nancy,6,10.1,132.4,955,55,1970022310,1970-02-23T10
Nancy,6,10.2,130.9,953,55,1970022316,1970-02-23T16
Nancy,6,10.8,129.4,951,65,1970022322,1970-02-23T22
Nancy,6,11.4,127.7,949,65,1970022404,1970-02-24T04
Nancy,6,12.0,126.6,949,65,1970022410,1970-02-24T10
Nancy,6,13.0,125.6,950,55,1970022416,1970-02-24T16
Nancy,5,13.8,124.4,955,50,1970022422,1970-02-24T22
Nancy,5,14.6,124.0,953,50,1970022504,1970-02-25T04
Nancy,5,15.4,123.8,953,45,1970022510,1970-02-25T10
Nancy,4,16.3,123.7,955,40,1970022516,1970-02-25T16
Nancy,4,17.5,123.8,965,40,1970022522,1970-02-25T22
Nancy,3,18.6,124.3,975,30,1970022604,1970-02-26T04
Nancy,3,19.7,124.8,985,25,1970022610,1970-02-26T10
Nancy,2,20.5,125.3,987,20,1970022616,1970-02-26T16
Nancy,2,21.2,126.0,998,20,1970022622,1970-02-26T22
Nancy,1,21.8,127.0,1002,15,1970022704,1970-02-27T04
Nancy,1,22.5,128.9,1006,15,1970022710,1970-02-27T10
Nancy,9,23.0,131.3,1006,15,1970022716,1970-02-27T16
HANNAH,1,8.5,136.5,1004,15,1997012004,1997-01-20T04
HANNAH,1,8.5,135.5,1004,15,1997012010,1997-01-20T10
HANNAH,1,8.8,133.0,1004,15,1997012016,1997-01-20T16
HANNAH,1,9.2,132.6,1004,15,1997012022,1997-01-20T22
HANNAH,1,9.8,132.4,1000,15,1997012104,1997-01-21T04
HANNAH,1,10.5,132.2,1000,15,1997012110,1997-01-21T10
HANNAH,1,11.3,132.3,1000,15,1997012116,1997-01-21T16
HANNAH,1,11.3,133.0,1002,15,1997012122,1997-01-21T22
HANNAH,1,11.2,133.2,1002,15,1997012204,1997-01-22T04
PABUK,1,8.1,112.4,1004,13,2018123022,2018-12-30T22
PABUK,1,7.6,111.7,1004,13,2018123104,2018-12-31T04
PABUK,1,7.0,111.2,1002,15,2018123110,2018-12-31T10
PABUK,1,6.5,110.7,1002,15,2018123116,2018-12-31T16
PABUK,2,6.2,110.1,1000,18,2018123122,2018-12-31T22
PABUK,2,6.0,109.6,1000,18,2019010104,2019-01-01T04
PABUK,2,6.0,109.1,1000,18,2019010110,2019-01-01T10
PABUK,2,6.0,108.6,1000,18,2019010116,2019-01-01T16
PABUK,2,6.2,107.8,1000,18,2019010122,2019-01-01T22
PABUK,2,6.2,106.9,998,20,2019010204,2019-01-02T04
PABUK,2,6.2,105.7,998,20,2019010210,2019-01-02T10
PABUK,2,6.2,105.0,998,20,2019010216,2019-01-02T16
PABUK,2,6.3,104.3,998,20,2019010222,2019-01-02T22
PABUK,2,6.5,103.4,995,23,2019010304,2019-01-03T04
PABUK,2,7.2,102.5,995,23,2019010310,2019-01-03T10
PABUK,3,7.8,101.6,990,25,2019010316,2019-01-03T16
PABUK,2,8.1,100.6,995,23,2019010322,2019-01-03T22
PABUK,2,8.2,99.8,998,20,2019010404,2019-01-04T04
PABUK,1,8.3,99.2,1006,15,2019010410,2019-01-04T10
PABUK,1,8.6,98.6,1006,15,2019010416,2019-01-04T16
Cimaron,1,11.8,120.0,1004,12,2001050904,2001-05-09T04
Cimaron,1,12.3,119.6,1004,12,2001050910,2001-05-09T10
Cimaron,1,13.1,119.5,1004,12,2001050916,2001-05-09T16
Cimaron,1,14.1,119.3,1002,15,2001050922,2001-05-09T22
Cimaron,1,15.3,119.1,1002,15,2001051004,2001-05-10T04
Cimaron,1,16.2,119.1,1002,15,2001051010,2001-05-10T10
Cimaron,1,17.1,119.1,1000,15,2001051016,2001-05-10T16
Cimaron,2,17.6,119.1,998,18,2001051022,2001-05-10T22
Cimaron,2,18.1,119.2,998,18,2001051104,2001-05-11T04
Cimaron,2,18.5,119.5,995,20,2001051110,2001-05-11T10
Cimaron,2,18.9,119.9,990,23,2001051116,2001-05-11T16
Cimaron,2,19.5,120.4,990,23,2001051122,2001-05-11T22
Cimaron,2,20.0,121.0,990,23,2001051204,2001-05-12T04
Cimaron,2,20.5,121.2,990,23,2001051210,2001-05-12T10
Cimaron,2,21.1,121.7,990,23,2001051216,2001-05-12T16
Cimaron,3,22.1,122.7,985,25,2001051222,2001-05-12T22
Cimaron,3,23.1,123.6,985,25,2001051304,2001-05-13T04
Cimaron,3,24.3,125.1,985,25,2001051310,2001-05-13T10
Cimaron,3,25.6,126.5,985,25,2001051316,2001-05-13T16
Cimaron,2,26.7,128.0,990,20,2001051322,2001-05-13T22
Cimaron,2,27.2,129.1,998,18,2001051404,2001-05-14T04
Cimaron,1,27.4,130.6,1000,15,2001051410,2001-05-14T10
Cimaron,1,27.5,132.0,1002,15,2001051416,2001-05-14T16
Cimaron,1,27.7,133.5,1002,15,2001051422,2001-05-14T22
Cimaron,1,27.7,134.6,1004,12,2001051504,2001-05-15T04
Sharon,0,4.0,152.0,1004,10,1991030416,1991-03-04T16
Sharon,1,4.0,151.0,1002,12,1991030422,1991-03-04T22
Sharon,1,4.3,150.1,1002,12,1991030504,1991-03-05T04
Sharon,1,4.5,149.3,1002,12,1991030510,1991-03-05T10
Sharon,1,5.0,148.5,1002,12,1991030516,1991-03-05T16
Sharon,1,5.3,148.0,1000,15,1991030522,1991-03-05T22
Sharon,1,5.6,147.3,1000,15,1991030604,1991-03-06T04
Sharon,1,6.0,146.6,1000,15,1991030610,1991-03-06T10
Sharon,2,6.5,146.0,998,20,1991030616,1991-03-06T16
Sharon,2,6.9,145.4,996,20,1991030622,1991-03-06T22
Sharon,2,7.1,144.5,996,20,1991030704,1991-03-07T04
Sharon,2,7.1,144.5,996,20,1991030710,1991-03-07T10
Sharon,2,6.5,144.1,992,20,1991030716,1991-03-07T16
Sharon,3,6.3,143.5,990,25,1991030722,1991-03-07T22
Sharon,3,6.3,142.5,990,25,1991030804,1991-03-08T04
Sharon,3,6.3,141.5,990,25,1991030810,1991-03-08T10
Sharon,3,6.3,140.9,985,25,1991030816,1991-03-08T16
Sharon,3,6.3,140.3,985,25,1991030822,1991-03-08T22
Sharon,3,6.4,139.5,985,25,1991030904,1991-03-09T04
Sharon,3,6.5,138.5,985,25,1991030910,1991-03-09T10
Sharon,3,6.7,137.6,980,30,1991030916,1991-03-09T16
Sharon,3,6.8,136.8,980,30,1991030922,1991-03-09T22
Sharon,3,6.8,136.0,980,30,1991031004,1991-03-10T04
Sharon,3,6.9,135.3,980,30,1991031010,1991-03-10T10
Sharon,3,6.9,134.5,980,30,1991031016,1991-03-10T16
Sharon,3,6.9,133.5,985,25,1991031022,1991-03-10T22
Sharon,3,7.0,132.4,985,25,1991031104,1991-03-11T04
Sharon,3,7.3,131.8,990,25,1991031110,1991-03-11T10
Sharon,2,7.7,131.0,990,20,1991031116,1991-03-11T16
Sharon,2,8.3,130.0,995,20,1991031122,1991-03-11T22
Sharon,2,8.6,128.8,995,20,1991031204,1991-03-12T04
Sharon,2,9.0,127.7,998,20,1991031210,1991-03-12T10
Sharon,2,9.5,126.1,998,20,1991031216,1991-03-12T16
Sharon,2,10.5,125.1,998,20,1991031222,1991-03-12T22
Sharon,1,11.0,124.0,998,15,1991031304,1991-03-13T04
Sharon,1,11.3,123.0,1000,15,1991031310,1991-03-13T10
Sharon,1,11.5,122.3,1000,15,1991031316,1991-03-13T16
Sharon,1,10.5,122.3,1000,15,1991031322,1991-03-13T22
Kong-rey,1,5.8,158.2,1006,12,2007033004,2007-03-30T04
Kong-rey,1,6.3,158.1,1002,15,2007033010,2007-03-30T10
Kong-rey,1,6.7,157.9,1002,15,2007033016,2007-03-30T16
Kong-rey,1,7.1,156.6,1002,15,2007033022,2007-03-30T22
Kong-rey,1,7.6,155.5,1000,15,2007033104,2007-03-31T04
Kong-rey,1,8.4,154.2,1000,15,2007033110,2007-03-31T10
Kong-rey,2,9.7,152.8,998,18,2007033116,2007-03-31T16
Kong-rey,2,10.2,152.1,996,20,2007033122,2007-03-31T22
Kong-rey,2,10.4,151.4,990,23,2007040104,2007-04-01T04
Kong-rey,3,11.0,150.8,990,25,2007040110,2007-04-01T10
Kong-rey,3,12.1,149.6,985,28,2007040116,2007-04-01T16
Kong-rey,3,13.4,148.9,980,30,2007040122,2007-04-01T22
Kong-rey,4,14.5,147.7,980,33,2007040204,2007-04-02T04
Kong-rey,4,15.2,146.8,975,33,2007040210,2007-04-02T10
Kong-rey,4,16.1,145.8,970,35,2007040216,2007-04-02T16
Kong-rey,4,16.9,144.7,970,35,2007040222,2007-04-02T22
Kong-rey,4,17.7,144.3,960,40,2007040304,2007-04-03T04
Kong-rey,4,18.7,144.3,960,40,2007040310,2007-04-03T10
Kong-rey,4,20.0,144.3,965,40,2007040316,2007-04-03T16
Kong-rey,4,21.0,145.1,970,35,2007040322,2007-04-03T22
Kong-rey,3,22.0,146.5,980,30,2007040404,2007-04-04T04
Kong-rey,3,22.8,148.0,990,25,2007040410,2007-04-04T10
Kong-rey,2,23.9,150.1,990,23,2007040416,2007-04-04T16
Kong-rey,2,25.1,152.5,996,18,2007040422,2007-04-04T22
Kong-rey,2,25.9,155.0,996,18,2007040504,2007-04-05T04
Kong-rey,1,26.6,157.5,998,15,2007040510,2007-04-05T10
Kong-rey,9,27.0,160.0,1002,15,2007040516,2007-04-05T16
Ruby,2,8.9,140.6,1000,20,1959022610,1959-02-26T10
Ruby,3,8.7,139.5,998,25,1959022616,1959-02-26T16
Ruby,3,8.5,138.7,995,25,1959022622,1959-02-26T22
Ruby,3,8.4,137.8,995,25,1959022704,1959-02-27T04
Ruby,3,8.3,137.0,995,25,1959022710,1959-02-27T10
Ruby,3,8.2,136.1,995,25,1959022716,1959-02-27T16
Ruby,3,8.7,134.8,995,25,1959022722,1959-02-27T22
Ruby,3,8.7,133.5,997,25,1959022804,1959-02-28T04
Ruby,2,8.3,132.3,999,20,1959022810,1959-02-28T10
Ruby,1,7.7,131.2,1002,15,1959022816,1959-02-28T16
Ruby,1,7.1,130.1,1004,15,1959022822,1959-02-28T22
Ruby,0,6.7,129.0,1005,0,1959030104,1959-03-01T04
Freda,1,6.0,168.0,1004,12,1981031116,1981-03-11T16
Freda,1,6.6,167.4,1004,15,1981031122,1981-03-11T22
Freda,1,7.0,166.8,1000,15,1981031204,1981-03-12T04
Freda,2,7.5,166.0,994,20,1981031210,1981-03-12T10
Freda,2,8.2,165.2,992,20,1981031216,1981-03-12T16
Freda,2,9.0,164.3,992,20,1981031222,1981-03-12T22
Freda,2,9.9,163.4,990,20,1981031304,1981-03-13T04
Freda,3,10.6,162.6,987,25,1981031310,1981-03-13T10
Freda,3,11.5,162.0,980,30,1981031316,1981-03-13T16
Freda,3,12.7,161.3,979,30,1981031322,1981-03-13T22
Freda,3,14.2,161.1,975,30,1981031404,1981-03-14T04
Freda,4,14.6,161.6,970,35,1981031410,1981-03-14T10
Freda,4,15.5,161.9,960,40,1981031416,1981-03-14T16
Freda,5,16.9,162.9,947,50,1981031422,1981-03-14T22
Freda,5,18.1,163.9,945,50,1981031504,1981-03-15T04
Freda,5,19.1,165.0,944,50,1981031510,1981-03-15T10
Freda,5,20.0,166.0,945,50,1981031516,1981-03-15T16
Freda,5,21.0,167.2,950,45,1981031522,1981-03-15T22
Freda,5,21.9,168.3,955,45,1981031604,1981-03-16T04
Freda,4,23.0,169.4,960,40,1981031610,1981-03-16T10
Freda,4,24.0,170.5,966,35,1981031616,1981-03-16T16
Freda,3,25.2,171.7,975,30,1981031622,1981-03-16T22
Freda,3,27.1,173.3,982,25,1981031704,1981-03-17T04
Freda,3,28.0,174.6,980,25,1981031710,1981-03-17T10
Freda,3,29.0,176.0,985,25,1981031716,1981-03-17T16
Freda,2,31.6,181.0,990,20,1981031722,1981-03-17T22
Charlotte,1,14.8,117.9,992,15,1952060822,1952-06-08T22
Charlotte,2,14.8,117.5,990,20,1952060904,1952-06-09T04
Charlotte,3,15.0,117.0,988,25,1952060910,1952-06-09T10
Charlotte,3,15.3,116.6,987,30,1952060916,1952-06-09T16
Charlotte,3,16.3,116.3,985,30,1952060922,1952-06-09T22
Charlotte,3,17.3,116.0,983,30,1952061004,1952-06-10T04
Charlotte,3,18.3,115.6,981,30,1952061010,1952-06-10T10
Charlotte,4,19.1,114.9,978,35,1952061016,1952-06-10T16
Charlotte,4,19.5,114.4,971,35,1952061022,1952-06-10T22
Charlotte,4,19.9,113.9,966,40,1952061104,1952-06-11T04
Charlotte,4,20.3,113.3,962,40,1952061110,1952-06-11T10
Charlotte,4,20.6,112.6,960,40,1952061116,1952-06-11T16
Charlotte,4,20.7,112.1,961,40,1952061122,1952-06-11T22
Charlotte,4,20.9,111.7,970,35,1952061204,1952-06-12T04
Charlotte,3,21.2,111.4,980,30,1952061210,1952-06-12T10
Charlotte,3,21.5,111.2,985,25,1952061216,1952-06-12T16
Charlotte,2,22.0,111.1,988,20,1952061222,1952-06-12T22
Charlotte,1,22.5,111.4,990,15,1952061304,1952-06-13T04
Charlotte,1,22.7,112.2,993,15,1952061310,1952-06-13T10
Charlotte,0,23.0,112.5,993,10,1952061316,1952-06-13T16
Charlotte,0,23.3,112.8,996,9,1952061322,1952-06-13T22
Charlotte,0,23.5,113.4,1000,9,1952061404,1952-06-14T04
Charlotte,0,23.7,114.0,1000,9,1952061410,1952-06-14T10
Charlotte,0,24.0,114.9,1002,9,1952061416,1952-06-14T16
Phyllis,1,7.0,177.3,1000,15,1969011522,1969-01-15T22
Phyllis,2,7.5,175.9,995,20,1969011604,1969-01-16T04
Phyllis,3,7.9,174.3,990,25,1969011610,1969-01-16T10
Phyllis,3,8.3,172.7,985,30,1969011616,1969-01-16T16
Phyllis,4,8.6,171.0,978,35,1969011622,1969-01-16T22
Phyllis,4,8.8,169.2,978,35,1969011704,1969-01-17T04
Phyllis,4,9.0,167.4,977,35,1969011710,1969-01-17T10
Phyllis,4,9.2,165.8,975,40,1969011716,1969-01-17T16
Phyllis,5,9.6,164.0,972,45,1969011722,1969-01-17T22
Phyllis,5,10.3,162.2,970,45,1969011804,1969-01-18T04
Phyllis,5,10.8,160.5,967,45,1969011810,1969-01-18T10
Phyllis,5,11.2,159.1,968,45,1969011816,1969-01-18T16
Phyllis,5,11.4,157.9,968,45,1969011822,1969-01-18T22
Phyllis,5,11.8,156.4,968,45,1969011904,1969-01-19T04
Phyllis,5,12.4,154.8,968,45,1969011910,1969-01-19T10
Phyllis,5,12.7,153.3,968,45,1969011916,1969-01-19T16
Phyllis,5,13.3,152.3,970,45,1969011922,1969-01-19T22
Phyllis,4,13.8,151.2,976,40,1969012004,1969-01-20T04
Phyllis,4,14.0,150.3,977,40,1969012010,1969-01-20T10
Phyllis,4,13.7,149.8,980,35,1969012016,1969-01-20T16
Phyllis,4,14.0,149.6,980,35,1969012022,1969-01-20T22
Phyllis,3,13.8,150.0,984,30,1969012104,1969-01-21T04
Phyllis,3,13.0,148.5,990,25,1969012110,1969-01-21T10
Phyllis,2,13.4,146.3,995,20,1969012116,1969-01-21T16
Phyllis,2,13.6,144.6,997,20,1969012122,1969-01-21T22
Phyllis,1,13.7,142.3,1000,15,1969012204,1969-01-22T04
Phyllis,1,13.4,140.6,1000,15,1969012210,1969-01-22T10
Phyllis,1,12.8,139.0,1000,15,1969012216,1969-01-22T16
Phyllis,1,12.1,137.3,1000,15,1969012222,1969-01-22T22
Phyllis,1,11.7,135.9,1000,15,1969012304,1969-01-23T04
Phyllis,1,11.4,134.3,1002,12,1969012310,1969-01-23T10
Phyllis,0,11.3,132.5,1006,0,1969012316,1969-01-23T16
Phyllis,0,11.3,130.8,1006,0,1969012322,1969-01-23T22
Phyllis,0,11.4,128.8,1006,0,1969012404,1969-01-24T04
Phyllis,0,11.5,127.0,1006,0,1969012410,1969-01-24T10
Sarah,0,14.0,117.0,1004,10,1983062216,1983-06-22T16
Sarah,0,13.0,117.0,1004,10,1983062222,1983-06-22T22
Sarah,1,11.5,116.5,1004,12,1983062304,1983-06-23T04
Sarah,1,11.5,115.0,1003,12,1983062310,1983-06-23T10
Sarah,1,12.5,114.0,1003,12,1983062316,1983-06-23T16
Sarah,1,13.0,113.0,1000,15,1983062322,1983-06-23T22
Sarah,1,13.5,112.0,1000,15,1983062404,1983-06-24T04
Sarah,1,14.2,111.3,1000,15,1983062410,1983-06-24T10
Sarah,1,15.1,110.5,998,15,1983062416,1983-06-24T16
Sarah,2,15.7,109.8,998,20,1983062422,1983-06-24T22
Sarah,2,16.2,108.9,998,20,1983062504,1983-06-25T04
Sarah,2,17.7,107.3,998,20,1983062510,1983-06-25T10
Sarah,1,18.0,106.3,1000,15,1983062516,1983-06-25T16
Sarah,1,18.5,105.0,1000,12,1983062522,1983-06-25T22
Alice,1,2.0,174.0,1002,15,1978123022,1978-12-30T22
Alice,1,2.1,172.6,1000,15,1978123104,1978-12-31T04
Alice,1,2.3,171.6,1000,15,1978123110,1978-12-31T10
Alice,2,3.0,171.0,998,20,1978123116,1978-12-31T16
Alice,2,3.7,170.1,995,20,1978123122,1978-12-31T22
Alice,2,4.4,169.6,995,20,1979010104,1979-01-01T04
Alice,3,5.0,169.1,990,25,1979010110,1979-01-01T10
Alice,3,5.3,168.7,986,25,1979010116,1979-01-01T16
Alice,3,5.6,168.0,986,25,1979010122,1979-01-01T22
Alice,3,6.1,167.7,986,25,1979010204,1979-01-02T04
Alice,3,6.6,168.0,986,25,1979010210,1979-01-02T10
Alice,3,7.3,168.3,984,25,1979010216,1979-01-02T16
Alice,3,8.0,168.0,984,25,1979010222,1979-01-02T22
Alice,3,8.5,168.2,984,25,1979010304,1979-01-03T04
Alice,3,9.0,168.3,984,25,1979010310,1979-01-03T10
Alice,3,9.2,167.9,982,25,1979010316,1979-01-03T16
Alice,3,9.3,167.3,982,30,1979010322,1979-01-03T22
Alice,3,9.3,166.7,980,30,1979010404,1979-01-04T04
Alice,3,9.5,165.9,980,30,1979010410,1979-01-04T10
Alice,3,9.6,165.1,975,30,1979010416,1979-01-04T16
Alice,3,9.7,164.2,975,30,1979010422,1979-01-04T22
Alice,3,9.8,163.4,969,30,1979010504,1979-01-05T04
Alice,3,10.4,162.6,967,30,1979010510,1979-01-05T10
Alice,3,11.2,161.6,964,30,1979010516,1979-01-05T16
Alice,4,12.0,160.4,962,35,1979010522,1979-01-05T22
Alice,4,12.1,159.5,961,35,1979010604,1979-01-06T04
Alice,4,12.2,158.5,958,35,1979010610,1979-01-06T10
Alice,4,12.3,157.6,950,40,1979010616,1979-01-06T16
Alice,4,12.4,156.5,948,40,1979010622,1979-01-06T22
Alice,5,12.5,155.3,940,45,1979010704,1979-01-07T04
Alice,5,12.2,154.0,928,50,1979010710,1979-01-07T10
Alice,5,12.1,152.9,930,50,1979010716,1979-01-07T16
Alice,5,12.0,151.5,935,50,1979010722,1979-01-07T22
Alice,5,12.0,150.3,945,45,1979010804,1979-01-08T04
Alice,5,11.9,149.0,957,45,1979010810,1979-01-08T10
Alice,5,11.9,147.8,960,45,1979010816,1979-01-08T16
Alice,4,12.1,146.7,965,40,1979010822,1979-01-08T22
Alice,4,12.1,145.3,970,40,1979010904,1979-01-09T04
Alice,4,11.9,144.2,970,40,1979010910,1979-01-09T10
Alice,4,12.0,142.8,970,40,1979010916,1979-01-09T16
Alice,4,12.2,141.5,965,40,1979010922,1979-01-09T22
Alice,4,12.3,140.3,960,40,1979011004,1979-01-10T04
Alice,4,12.4,139.1,950,40,1979011010,1979-01-10T10
Alice,5,12.5,138.7,945,45,1979011016,1979-01-10T16
Alice,5,12.7,138.1,941,45,1979011022,1979-01-10T22
Alice,5,13.0,137.6,938,45,1979011104,1979-01-11T04
Alice,5,13.5,137.2,940,45,1979011110,1979-01-11T10
Alice,5,13.8,137.1,945,45,1979011116,1979-01-11T16
Alice,5,14.2,136.8,950,45,1979011122,1979-01-11T22
Alice,4,14.6,136.6,960,40,1979011204,1979-01-12T04
Alice,4,15.1,136.6,965,40,1979011210,1979-01-12T10
Alice,4,15.5,136.8,970,35,1979011216,1979-01-12T16
Alice,4,15.9,136.9,980,35,1979011222,1979-01-12T22
Alice,3,16.1,137.1,985,30,1979011304,1979-01-13T04
Alice,3,16.5,137.5,985,30,1979011310,1979-01-13T10
Alice,3,17.0,137.0,985,25,1979011316,1979-01-13T16
Alice,3,16.8,135.8,985,25,1979011322,1979-01-13T22
Alice,2,17.0,135.1,990,20,1979011404,1979-01-14T04
Alice,1,17.3,134.3,994,15,1979011410,1979-01-14T10
Alice,1,17.3,133.3,998,12,1979011416,1979-01-14T16
Alice,0,17.2,132.3,998,10,1979011422,1979-01-14T22
Lingling,1,9.8,127.9,1006,13,2014011622,2014-01-16T22
Lingling,1,9.7,127.6,1006,13,2014011704,2014-01-17T04
Lingling,1,9.6,127.4,1006,13,2014011710,2014-01-17T10
Lingling,1,9.4,127.5,1002,15,2014011716,2014-01-17T16
Lingling,2,9.1,127.8,1000,18,2014011722,2014-01-17T22
Lingling,2,8.6,128.0,1000,18,2014011804,2014-01-18T04
Lingling,2,8.0,128.1,1000,18,2014011810,2014-01-18T10
Lingling,2,7.5,128.1,1000,18,2014011816,2014-01-18T16
Lingling,1,7.2,128.1,1002,15,2014011822,2014-01-18T22
Lingling,1,6.9,128.1,1006,13,2014011904,2014-01-19T04
Owen,1,10.8,134.8,1004,12,1994033104,1994-03-31T04
Owen,1,11.1,133.9,1002,15,1994033110,1994-03-31T10
Owen,1,11.3,133.0,1000,15,1994033116,1994-03-31T16
Owen,2,11.4,132.1,996,20,1994033122,1994-03-31T22
Owen,2,11.6,131.6,996,20,1994040104,1994-04-01T04
Owen,2,11.6,131.1,996,20,1994040110,1994-04-01T10
Owen,2,11.6,130.6,996,20,1994040116,1994-04-01T16
Owen,2,11.5,129.8,996,20,1994040122,1994-04-01T22
Owen,2,11.4,129.2,995,20,1994040204,1994-04-02T04
Owen,2,11.3,128.7,995,20,1994040210,1994-04-02T10
Owen,3,11.0,128.2,990,25,1994040216,1994-04-02T16
Owen,3,10.6,127.6,985,25,1994040222,1994-04-02T22
Owen,3,10.4,127.1,985,25,1994040304,1994-04-03T04
Owen,3,10.3,126.5,980,30,1994040310,1994-04-03T10
Owen,3,10.2,125.9,980,30,1994040316,1994-04-03T16
Owen,3,10.4,124.4,980,30,1994040322,1994-04-03T22
Owen,3,10.7,123.1,980,30,1994040404,1994-04-04T04
Owen,3,10.6,122.1,985,25,1994040410,1994-04-04T10
Owen,3,10.6,121.2,990,25,1994040416,1994-04-04T16
Owen,3,10.8,120.4,990,25,1994040422,1994-04-04T22
Owen,3,11.3,119.7,990,25,1994040504,1994-04-05T04
Owen,2,11.7,118.7,996,20,1994040510,1994-04-05T10
Owen,2,11.9,117.7,996,20,1994040516,1994-04-05T16
Owen,2,12.2,117.0,994,20,1994040522,1994-04-05T22
Owen,3,12.5,116.4,990,25,1994040604,1994-04-06T04
Owen,3,12.9,116.0,990,25,1994040610,1994-04-06T10
Owen,3,13.4,115.7,990,25,1994040616,1994-04-06T16
Owen,2,14.3,116.0,995,20,1994040622,1994-04-06T22
Owen,2,15.3,116.5,995,20,1994040704,1994-04-07T04
Owen,2,15.7,116.6,995,20,1994040710,1994-04-07T10
Owen,2,16.2,116.7,995,20,1994040716,1994-04-07T16
Owen,2,16.6,116.9,996,20,1994040722,1994-04-07T22
Owen,2,17.1,117.2,996,20,1994040804,1994-04-08T04
Owen,1,17.5,117.5,1000,15,1994040810,1994-04-08T10
Owen,1,18.0,118.0,1002,15,1994040816,1994-04-08T16
Owen,1,18.5,118.5,1005,12,1994040822,1994-04-08T22
Sarah,1,8.2,142.5,1000,12,1971010722,1971-01-07T22
Sarah,1,8.4,141.2,1000,12,1971010804,1971-01-08T04
Sarah,1,8.8,139.8,1000,12,1971010810,1971-01-08T10
Sarah,1,9.5,138.6,998,15,1971010816,1971-01-08T16
Sarah,2,10.7,137.7,997,20,1971010822,1971-01-08T22
Sarah,2,11.1,137.1,994,20,1971010904,1971-01-09T04
Sarah,2,11.2,136.4,990,20,1971010910,1971-01-09T10
Sarah,3,10.9,136.4,989,25,1971010916,1971-01-09T16
Sarah,3,12.0,137.1,990,25,1971010922,1971-01-09T22
Sarah,2,13.4,137.6,995,20,1971011004,1971-01-10T04
Sarah,2,14.4,139.1,998,20,1971011010,1971-01-10T10
Sarah,2,14.8,140.3,1000,20,1971011016,1971-01-10T16
Sarah,1,15.3,140.9,1000,15,1971011022,1971-01-10T22
Sarah,1,16.0,141.3,1000,15,1971011104,1971-01-11T04
Sarah,9,16.8,142.0,1000,15,1971011110,1971-01-11T10
Sarah,9,17.6,144.0,997,20,1971011116,1971-01-11T16
Sarah,9,17.8,146.1,996,20,1971011122,1971-01-11T22
Sarah,9,18.0,148.0,996,20,1971011204,1971-01-12T04
Sarah,9,18.8,150.5,998,15,1971011210,1971-01-12T10
Sarah,9,20.8,153.4,1000,15,1971011216,1971-01-12T16
Sarah,9,22.7,157.0,1002,15,1971011222,1971-01-12T22
Sarah,9,23.5,161.0,1002,12,1971011304,1971-01-13T04
Sarah,9,23.5,164.5,1002,12,1971011310,1971-01-13T10
Sarah,9,23.5,168.5,1003,12,1971011316,1971-01-13T16
Sarah,9,23.7,173.0,1004,0,1971011322,1971-01-13T22
Sarah,9,24.0,177.5,1004,0,1971011404,1971-01-14T04
Omais,1,7.9,142.6,1004,15,2010032122,2010-03-21T22
Omais,1,8.4,141.8,1004,15,2010032204,2010-03-22T04
Omais,1,8.9,140.7,1002,15,2010032210,2010-03-22T10
Omais,1,9.5,139.6,1002,15,2010032216,2010-03-22T16
Omais,1,10.1,138.7,1002,15,2010032222,2010-03-22T22
Omais,1,10.6,137.4,1002,15,2010032304,2010-03-23T04
Omais,1,10.9,136.4,1002,15,2010032310,2010-03-23T10
Omais,1,11.6,135.5,1000,15,2010032316,2010-03-23T16
Omais,1,12.3,134.5,1000,15,2010032322,2010-03-23T22
Omais,2,13.3,133.4,998,18,2010032404,2010-03-24T04
Omais,2,14.1,132.6,998,18,2010032410,2010-03-24T10
Omais,2,14.8,132.3,998,18,2010032416,2010-03-24T16
Omais,2,15.4,132.1,998,18,2010032422,2010-03-24T22
Omais,2,16.2,132.1,998,18,2010032504,2010-03-25T04
Omais,2,17.0,132.2,998,18,2010032510,2010-03-25T10
Omais,2,17.4,131.6,1000,18,2010032516,2010-03-25T16
Omais,1,17.6,131.8,1004,15,2010032522,2010-03-25T22
Omais,1,17.7,132.1,1006,13,2010032604,2010-03-26T04
Axel,1,5.2,178.5,1000,15,1992010422,1992-01-04T22
Axel,1,5.5,177.5,1000,15,1992010504,1992-01-05T04
Axel,1,5.8,176.5,998,15,1992010510,1992-01-05T10
Axel,2,6.1,176.1,995,20,1992010516,1992-01-05T16
Axel,2,6.2,175.1,995,20,1992010522,1992-01-05T22
Axel,2,6.2,174.4,995,20,1992010604,1992-01-06T04
Axel,2,6.2,173.0,990,20,1992010610,1992-01-06T10
Axel,2,6.1,172.2,990,20,1992010616,1992-01-06T16
Axel,3,5.8,170.7,985,25,1992010622,1992-01-06T22
Axel,3,5.6,169.5,985,25,1992010704,1992-01-07T04
Axel,3,5.6,168.8,985,25,1992010710,1992-01-07T10
Axel,3,5.8,168.5,980,30,1992010716,1992-01-07T16
Axel,3,5.8,167.7,980,30,1992010722,1992-01-07T22
Axel,3,6.2,166.0,980,30,1992010804,1992-01-08T04
Axel,3,6.5,163.9,980,30,1992010810,1992-01-08T10
Axel,3,6.8,162.3,980,30,1992010816,1992-01-08T16
Axel,3,7.0,160.5,980,30,1992010822,1992-01-08T22
Axel,3,7.2,159.2,980,30,1992010904,1992-01-09T04
Axel,3,7.2,157.3,980,30,1992010910,1992-01-09T10
Axel,3,7.3,155.8,985,25,1992010916,1992-01-09T16
Axel,3,8.2,154.7,985,25,1992010922,1992-01-09T22
Axel,2,8.5,153.7,990,20,1992011004,1992-01-10T04
Axel,2,8.9,152.9,995,20,1992011010,1992-01-10T10
Axel,2,9.6,152.4,995,20,1992011016,1992-01-10T16
Axel,2,9.6,151.4,995,20,1992011022,1992-01-10T22
Axel,1,9.8,150.4,998,15,1992011104,1992-01-11T04
Axel,1,10.1,149.3,998,15,1992011110,1992-01-11T10
Axel,1,10.3,148.0,998,15,1992011116,1992-01-11T16
Axel,1,10.4,146.1,998,15,1992011122,1992-01-11T22
Axel,1,10.5,144.5,998,15,1992011204,1992-01-12T04
Axel,1,10.7,143.4,1000,15,1992011210,1992-01-12T10
Axel,1,11.3,143.2,1000,15,1992011216,1992-01-12T16
Axel,1,12.2,143.0,1000,15,1992011222,1992-01-12T22
Axel,1,13.2,142.5,1002,15,1992011304,1992-01-13T04
Axel,1,13.9,141.9,1002,15,1992011310,1992-01-13T10
Axel,1,14.2,140.8,1004,12,1992011316,1992-01-13T16
Kulap,1,6.0,150.2,1004,15,2005011316,2005-01-13T16
Kulap,1,5.7,148.0,1002,15,2005011322,2005-01-13T22
Kulap,1,6.0,147.4,1000,15,2005011404,2005-01-14T04
Kulap,1,6.8,147.1,1000,15,2005011410,2005-01-14T10
Kulap,1,7.5,146.3,1000,15,2005011416,2005-01-14T16
Kulap,1,8.1,147.4,998,15,2005011422,2005-01-14T22
Kulap,2,9.5,147.4,995,18,2005011504,2005-01-15T04
Kulap,2,10.4,146.9,992,20,2005011510,2005-01-15T10
Kulap,2,11.5,146.6,992,20,2005011516,2005-01-15T16
Kulap,2,12.5,146.2,990,23,2005011522,2005-01-15T22
Kulap,2,13.1,145.9,990,23,2005011604,2005-01-16T04
Kulap,2,13.5,146.5,990,23,2005011610,2005-01-16T10
Kulap,2,14.2,147.7,990,23,2005011616,2005-01-16T16
Kulap,2,14.9,148.6,990,23,2005011622,2005-01-16T22
Kulap,2,15.7,149.6,990,23,2005011704,2005-01-17T04
Kulap,3,16.3,150.7,985,25,2005011710,2005-01-17T10
Kulap,3,16.7,151.6,985,25,2005011716,2005-01-17T16
Kulap,3,17.3,152.6,985,25,2005011722,2005-01-17T22
Kulap,3,17.6,153.2,985,25,2005011804,2005-01-18T04
Kulap,2,18.0,153.8,990,23,2005011810,2005-01-18T10
Kulap,2,18.4,154.4,1000,18,2005011816,2005-01-18T16
Kulap,1,18.7,155.1,1004,15,2005011822,2005-01-18T22
Kulap,1,18.9,155.8,1010,12,2005011904,2005-01-19T04
Lola,1,6.6,137.6,1002,12,1975012022,1975-01-20T22
Lola,1,6.9,137.0,1002,12,1975012104,1975-01-21T04
Lola,1,7.2,136.2,1002,12,1975012110,1975-01-21T10
Lola,1,7.3,135.5,1002,12,1975012116,1975-01-21T16
Lola,2,7.5,134.8,1000,20,1975012122,1975-01-21T22
Lola,2,7.6,134.5,995,20,1975012204,1975-01-22T04
Lola,3,7.8,134.2,990,25,1975012210,1975-01-22T10
Lola,3,8.0,134.0,990,25,1975012216,1975-01-22T16
Lola,3,8.5,133.0,985,30,1975012222,1975-01-22T22
Lola,3,8.8,131.4,985,30,1975012304,1975-01-23T04
Lola,4,8.8,129.7,980,35,1975012310,1975-01-23T10
Lola,4,8.8,128.0,975,35,1975012316,1975-01-23T16
Lola,4,9.0,126.4,975,35,1975012322,1975-01-23T22
Lola,3,9.4,124.6,985,30,1975012404,1975-01-24T04
Lola,3,10.2,122.7,990,25,1975012410,1975-01-24T10
Lola,3,10.9,120.8,995,25,1975012416,1975-01-24T16
Lola,3,11.7,118.7,995,25,1975012422,1975-01-24T22
Lola,3,12.3,116.8,993,30,1975012504,1975-01-25T04
Lola,3,13.0,115.1,993,30,1975012510,1975-01-25T10
Lola,3,13.6,114.0,990,30,1975012516,1975-01-25T16
Lola,4,14.2,113.2,990,35,1975012522,1975-01-25T22
Lola,4,15.1,112.5,990,35,1975012604,1975-01-26T04
Lola,4,15.7,112.3,990,35,1975012610,1975-01-26T10
Lola,4,16.3,112.2,990,35,1975012616,1975-01-26T16
Lola,4,16.9,112.3,990,40,1975012622,1975-01-26T22
Lola,4,16.7,112.8,995,35,1975012704,1975-01-27T04
Lola,3,16.0,112.7,998,30,1975012710,1975-01-27T10
Lola,3,15.5,112.3,1000,25,1975012716,1975-01-27T16
Lola,2,15.0,111.7,1000,20,1975012722,1975-01-27T22
Lola,1,14.8,111.1,1005,15,1975012804,1975-01-28T04
Orchid,1,7.2,149.1,1004,12,1987010816,1987-01-08T16
Orchid,1,7.6,147.8,1004,12,1987010822,1987-01-08T22
Orchid,1,8.0,146.3,1002,15,1987010904,1987-01-09T04
Orchid,2,8.5,144.8,995,20,1987010910,1987-01-09T10
Orchid,3,8.8,143.3,989,25,1987010916,1987-01-09T16
Orchid,3,9.2,142.0,986,25,1987010922,1987-01-09T22
Orchid,4,9.5,140.7,977,35,1987011004,1987-01-10T04
Orchid,4,9.8,139.3,968,40,1987011010,1987-01-10T10
Orchid,5,10.2,138.0,955,45,1987011016,1987-01-10T16
Orchid,5,10.4,136.9,955,45,1987011022,1987-01-10T22
Orchid,5,10.7,135.9,964,45,1987011104,1987-01-11T04
Orchid,4,10.9,134.9,970,40,1987011110,1987-01-11T10
Orchid,4,11.0,134.0,980,35,1987011116,1987-01-11T16
Orchid,4,11.3,133.3,975,35,1987011122,1987-01-11T22
Orchid,3,11.7,132.7,978,30,1987011204,1987-01-12T04
Orchid,3,11.8,132.1,985,30,1987011210,1987-01-12T10
Orchid,3,11.3,131.6,991,25,1987011216,1987-01-12T16
Orchid,3,10.5,131.4,991,25,1987011222,1987-01-12T22
Orchid,2,10.0,131.5,995,20,1987011304,1987-01-13T04
Orchid,2,9.5,131.8,995,20,1987011310,1987-01-13T10
Fran,0,5.5,128.6,1006,0,1962020204,1962-02-02T04
Fran,0,5.4,128.4,1006,0,1962020210,1962-02-02T10
Fran,1,5.5,128.5,1005,15,1962020216,1962-02-02T16
Fran,1,5.7,129.0,1005,15,1962020222,1962-02-02T22
Fran,1,5.9,129.4,1005,15,1962020304,1962-02-03T04
Fran,2,6.2,129.8,1005,20,1962020310,1962-02-03T10
Fran,3,6.5,130.0,1003,25,1962020316,1962-02-03T16
Fran,3,7.0,129.9,1000,25,1962020322,1962-02-03T22
Fran,3,7.4,129.7,1000,25,1962020404,1962-02-04T04
Fran,3,7.8,129.3,1000,25,1962020410,1962-02-04T10
Fran,2,8.2,128.7,1001,20,1962020416,1962-02-04T16
Fran,1,8.5,128.3,1003,15,1962020422,1962-02-04T22
Fran,1,8.9,128.2,1005,15,1962020504,1962-02-05T04
Fran,1,9.3,128.5,1008,15,1962020510,1962-02-05T10
Fran,1,9.6,128.9,1010,12,1962020516,1962-02-05T16
Mekkhala,1,8.6,142.8,1004,13,2015011216,2015-01-12T16
Mekkhala,1,8.5,142.3,1002,13,2015011222,2015-01-12T22
Mekkhala,1,8.8,141.6,1000,15,2015011304,2015-01-13T04
Mekkhala,1,9.2,140.8,1000,15,2015011310,2015-01-13T10
Mekkhala,2,10.0,139.8,998,18,2015011316,2015-01-13T16
Mekkhala,2,10.4,138.4,998,18,2015011322,2015-01-13T22
Mekkhala,2,11.0,137.2,998,18,2015011404,2015-01-14T04
Mekkhala,2,11.3,135.8,998,18,2015011410,2015-01-14T10
Mekkhala,2,11.5,134.7,995,20,2015011416,2015-01-14T16
Mekkhala,2,11.7,133.5,995,20,2015011422,2015-01-14T22
Mekkhala,2,11.6,132.7,995,20,2015011504,2015-01-15T04
Mekkhala,2,11.6,131.8,995,20,2015011510,2015-01-15T10
Mekkhala,2,11.5,130.6,992,23,2015011516,2015-01-15T16
Mekkhala,3,11.4,129.8,990,25,2015011522,2015-01-15T22
Mekkhala,3,11.3,128.7,985,28,2015011604,2015-01-16T04
Mekkhala,3,11.1,127.6,980,30,2015011610,2015-01-16T10
Mekkhala,4,11.3,126.8,975,33,2015011616,2015-01-16T16
Mekkhala,4,11.9,125.8,975,33,2015011622,2015-01-16T22
Mekkhala,3,12.4,125.0,985,28,2015011704,2015-01-17T04
Mekkhala,2,12.7,124.3,992,23,2015011710,2015-01-17T10
Mekkhala,2,13.4,123.6,995,20,2015011716,2015-01-17T16
Mekkhala,2,14.0,122.7,998,18,2015011722,2015-01-17T22
Mekkhala,2,14.8,122.4,998,18,2015011804,2015-01-18T04
Mekkhala,1,15.8,122.5,1000,15,2015011810,2015-01-18T10
Mekkhala,1,16.5,122.8,1002,13,2015011816,2015-01-18T16
Mekkhala,1,16.8,123.0,1002,13,2015011822,2015-01-18T22
Mekkhala,1,16.8,123.5,1004,13,2015011904,2015-01-19T04
Mekkhala,1,16.7,123.9,1004,13,2015011910,2015-01-19T10
Wilda,0,10.5,127.8,1004,10,1973062722,1973-06-27T22
Wilda,0,11.5,127.4,1004,10,1973062804,1973-06-28T04
Wilda,0,12.5,126.9,1004,10,1973062810,1973-06-28T10
Wilda,1,13.4,126.4,1004,15,1973062816,1973-06-28T16
Wilda,1,14.2,125.6,1004,15,1973062822,1973-06-28T22
Wilda,1,15.0,124.5,1004,15,1973062904,1973-06-29T04
Wilda,1,15.9,123.3,1004,15,1973062910,1973-06-29T10
Wilda,1,16.5,122.1,1004,15,1973062916,1973-06-29T16
Wilda,1,16.9,121.0,1003,15,1973062922,1973-06-29T22
Wilda,1,17.5,120.0,1003,15,1973063004,1973-06-30T04
Wilda,1,17.9,119.2,1002,15,1973063010,1973-06-30T10
Wilda,2,18.4,118.8,998,20,1973063016,1973-06-30T16
Wilda,2,18.9,118.5,996,20,1973063022,1973-06-30T22
Wilda,3,19.5,118.2,994,25,1973070104,1973-07-01T04
Wilda,3,20.1,118.0,990,25,1973070110,1973-07-01T10
Wilda,3,20.8,117.8,982,30,1973070116,1973-07-01T16
Wilda,3,21.4,117.7,982,30,1973070122,1973-07-01T22
Wilda,3,22.0,117.6,982,30,1973070204,1973-07-02T04
Wilda,4,22.8,117.7,980,35,1973070210,1973-07-02T10
Wilda,4,23.6,117.9,978,35,1973070216,1973-07-02T16
Wilda,4,24.5,118.2,978,35,1973070222,1973-07-02T22
Wilda,3,25.4,118.5,988,25,1973070304,1973-07-03T04
Wilda,1,26.3,118.8,990,15,1973070310,1973-07-03T10
Wilda,0,27.5,119.1,994,10,1973070316,1973-07-03T16
Wilda,0,28.8,118.9,1000,9,1973070322,1973-07-03T22
Wilda,0,29.4,117.1,1000,10,1973070404,1973-07-04T04
Wilda,0,29.2,116.8,1000,10,1973070410,1973-07-04T10
Wilda,0,29.2,116.3,1000,10,1973070416,1973-07-04T16
Wilda,0,29.5,115.6,1002,10,1973070422,1973-07-04T22
Wilda,0,29.8,114.9,1002,10,1973070504,1973-07-05T04
Wilda,0,29.6,113.9,1002,9,1973070510,1973-07-05T10
Wilda,0,28.9,112.9,1003,9,1973070516,1973-07-05T16
Dujuan,1,6.7,136.3,1002,13,2021021604,2021-02-16T04
Dujuan,1,6.7,135.3,1002,13,2021021610,2021-02-16T10
Dujuan,1,6.5,134.2,1002,13,2021021616,2021-02-16T16
Dujuan,1,6.6,133.5,1002,13,2021021622,2021-02-16T22
Dujuan,1,6.6,133.1,1000,15,2021021704,2021-02-17T04
Dujuan,1,6.7,132.7,1000,15,2021021710,2021-02-17T10
Dujuan,2,7.0,132.6,998,18,2021021716,2021-02-17T16
Dujuan,2,7.3,132.1,998,18,2021021722,2021-02-17T22
Dujuan,2,7.2,131.8,995,20,2021021804,2021-02-18T04
Dujuan,2,7.1,131.5,995,20,2021021810,2021-02-18T10
Dujuan,2,7.0,131.2,995,20,2021021816,2021-02-18T16
Dujuan,2,6.8,130.6,995,20,2021021822,2021-02-18T22
Dujuan,2,6.5,130.3,990,23,2021021904,2021-02-19T04
Dujuan,2,6.1,130.9,990,23,2021021910,2021-02-19T10
Dujuan,2,6.4,131.4,995,20,2021021916,2021-02-19T16
Dujuan,2,7.0,131.2,995,20,2021021922,2021-02-19T22
Dujuan,2,7.7,130.3,998,18,2021022004,2021-02-20T04
Dujuan,2,8.2,129.9,998,18,2021022010,2021-02-20T10
Dujuan,2,8.7,129.6,998,18,2021022016,2021-02-20T16
Dujuan,2,9.3,128.9,998,18,2021022022,2021-02-20T22
Dujuan,1,10.1,127.1,1000,15,2021022104,2021-02-21T04
Dujuan,1,10.9,125.7,1002,13,2021022110,2021-02-21T10
Dujuan,1,12.2,124.3,1002,13,2021022116,2021-02-21T16
Dujuan,1,13.0,123.7,1002,13,2021022122,2021-02-21T22
Dujuan,0,13.7,123.2,1004,10,2021022204,2021-02-22T04
Dujuan,0,14.1,122.3,1004,10,2021022210,2021-02-22T10
