Storm Name,Intensity Category,Latitude (°N),Longitude (°E),Pressure (hPa),Max Sustained Wind (m/s),DateTime(UTC),ConvertedDateTime,sst,sp
Ophelia,1,4.2,170.9,1000,15,1958010616,1958-01-06T16,302.01343,100436.125
Ophelia,2,4.8,170.2,995,20,1958010622,1958-01-06T22,301.865,100618.56
Ophelia,3,5.3,169.3,990,25,1958010704,1958-01-07T04,301.906,100253.53
Ophelia,4,5.7,168.3,980,35,1958010710,1958-01-07T10,301.64038,100531.16
Ophelia,6,6.2,167.1,960,55,1958010716,1958-01-07T16,301.67163,100393.375
Ophelia,6,6.6,165.9,940,75,1958010722,1958-01-07T22,301.61597,100624.03
Ophelia,6,7.0,164.8,944,75,1958010804,1958-01-08T04,301.42456,100382.97
Ophelia,6,7.3,163.7,950,70,1958010810,1958-01-08T10,301.36304,100610.25
Ophelia,6,7.4,162.6,955,65,1958010816,1958-01-08T16,301.2556,100658.44
Ophelia,6,7.6,161.5,960,60,1958010822,1958-01-08T22,301.10327,100912.0
Ophelia,6,7.4,160.1,962,60,1958010904,1958-01-09T04,301.06128,100548.44
Ophelia,6,7.4,158.7,962,60,1958010910,1958-01-09T10,301.30933,100680.125
Ophelia,6,7.3,157.4,963,60,1958010916,1958-01-09T16,301.46948,100458.44
Ophelia,6,7.6,156.2,969,55,1958010922,1958-01-09T22,301.5962,100695.56
Ophelia,6,7.8,154.7,972,55,1958011004,1958-01-10T04,301.57373,100548.5
Ophelia,5,7.9,153.3,975,50,1958011010,1958-01-10T10,301.28955,100767.25
Ophelia,5,7.9,152.0,982,45,1958011016,1958-01-10T16,301.25635,100622.625
Ophelia,5,7.9,151.0,982,45,1958011022,1958-01-10T22,301.07544,100437.69
Ophelia,5,7.9,149.8,982,45,1958011104,1958-01-11T04,301.0813,100133.625
Ophelia,4,8.0,148.3,984,40,1958011110,1958-01-11T10,300.8645,100575.875
Ophelia,5,8.1,146.9,980,45,1958011116,1958-01-11T16,300.49927,100473.125
Ophelia,5,8.2,145.6,973,50,1958011122,1958-01-11T22,300.52368,100703.375
Ophelia,5,8.3,144.2,967,50,1958011204,1958-01-12T04,301.10083,100412.56
Ophelia,6,8.6,142.8,960,55,1958011210,1958-01-12T10,301.0774,100567.5
Ophelia,6,9.0,141.7,955,60,1958011216,1958-01-12T16,300.9807,100396.94
Ophelia,6,9.3,140.4,953,60,1958011222,1958-01-12T22,301.0122,100365.125
Ophelia,6,9.6,139.2,948,65,1958011304,1958-01-13T04,300.63916,100302.5
Ophelia,6,10.0,138.0,941,75,1958011310,1958-01-13T10,300.63916,100440.44
Ophelia,6,10.3,137.2,940,75,1958011316,1958-01-13T16,300.5171,100187.31
Ophelia,6,10.8,136.5,939,75,1958011322,1958-01-13T22,300.36694,100632.0
Ophelia,6,11.1,136.0,944,70,1958011404,1958-01-14T04,300.41675,100172.59
Ophelia,6,11.5,135.5,950,65,1958011410,1958-01-14T10,300.4734,100300.69
Ophelia,6,11.9,135.2,955,60,1958011416,1958-01-14T16,300.5105,100333.19
Ophelia,6,12.3,135.1,960,55,1958011422,1958-01-14T22,300.4292,100273.81
Ophelia,5,12.5,135.0,968,50,1958011504,1958-01-15T04,300.45752,100121.31
Ophelia,4,12.7,134.9,976,40,1958011510,1958-01-15T10,300.48486,100161.91
Ophelia,4,12.8,135.0,984,35,1958011516,1958-01-15T16,300.48486,100038.5
Ophelia,3,12.9,135.3,993,30,1958011522,1958-01-15T22,300.5293,100367.31
Ophelia,3,12.4,134.3,995,25,1958011604,1958-01-16T04,300.3877,100190.375
Ophelia,3,13.3,132.9,995,25,1958011610,1958-01-16T10,300.64844,100586.0
Ophelia,2,14.5,132.7,1000,20,1958011616,1958-01-16T16,300.27832,100978.34
Ophelia,2,15.2,133.1,1002,20,1958011622,1958-01-16T22,300.03906,101030.19
Ophelia,1,16.0,133.6,1008,15,1958011704,1958-01-17T04,299.9619,101178.34
Ophelia,0,16.8,134.2,1010,0,1958011710,1958-01-17T10,299.88672,101282.59
Ophelia,0,17.5,135.0,1010,0,1958011716,1958-01-17T16,299.92383,101479.11
Wanda,0,8.0,132.2,1000,10,1974010816,1974-01-08T16,301.77075,100210.16
Wanda,0,8.2,131.5,1000,10,1974010822,1974-01-08T22,301.9934,100231.375
Wanda,1,8.6,130.9,998,15,1974010904,1974-01-09T04,301.8899,100200.03
Wanda,2,9.2,130.5,996,20,1974010910,1974-01-09T10,301.45044,99616.31
Wanda,3,9.9,130.9,996,25,1974010916,1974-01-09T16,301.51978,99540.16
Wanda,3,10.5,131.8,992,30,1974010922,1974-01-09T22,301.5039,98810.44
Wanda,3,11.2,132.6,993,30,1974011004,1974-01-10T04,301.1787,99177.31
Wanda,3,11.8,133.1,994,25,1974011010,1974-01-10T10,301.04785,99331.56
Wanda,2,12.3,133.7,995,20,1974011016,1974-01-10T16,300.87988,99242.59
Wanda,2,12.7,134.7,996,20,1974011022,1974-01-10T22,300.85376,99227.0
Wanda,1,13.1,135.9,997,15,1974011104,1974-01-11T04,300.78638,99297.28
Wanda,1,13.3,136.9,998,15,1974011110,1974-01-11T10,300.885,99499.875
Wanda,1,13.7,137.9,999,15,1974011116,1974-01-11T16,300.9104,99984.34
Wanda,2,14.3,138.9,995,20,1974011122,1974-01-11T22,301.09033,100177.59
Wanda,2,14.6,140.1,993,20,1974011204,1974-01-12T04,300.9995,100054.06
Wanda,2,14.7,141.3,995,20,1974011210,1974-01-12T10,301.11084,100215.16
Wanda,1,14.8,142.8,998,15,1974011216,1974-01-12T16,301.25537,100317.78
Wanda,1,15.0,144.6,1000,15,1974011222,1974-01-12T22,300.82275,100464.66
Wanda,0,15.0,147.1,1002,10,1974011304,1974-01-13T04,300.68994,100298.31
Yanyan,1,6.9,163.1,1004,12,2003011422,2003-01-14T22,301.76904,100908.016
Yanyan,1,7.6,161.2,1004,12,2003011504,2003-01-15T04,301.69873,100703.484
Yanyan,1,8.2,159.7,1004,15,2003011510,2003-01-15T10,301.4458,100977.86
Yanyan,1,8.7,158.2,1004,15,2003011516,2003-01-15T16,301.16162,100740.125
Yanyan,1,9.4,156.7,1004,15,2003011522,2003-01-15T22,301.1245,101039.53
Yanyan,1,10.2,154.3,1004,15,2003011604,2003-01-16T04,300.812,100841.125
Yanyan,1,11.0,152.8,1004,15,2003011610,2003-01-16T10,300.72314,101004.47
Yanyan,1,11.7,150.9,1004,15,2003011616,2003-01-16T16,300.7495,100966.25
Yanyan,1,12.4,149.5,1002,15,2003011622,2003-01-16T22,300.88623,101224.84
Yanyan,1,12.9,148.6,1002,15,2003011704,2003-01-17T04,300.75342,100945.875
Yanyan,1,13.2,147.8,1002,15,2003011710,2003-01-17T10,300.74072,101001.0
Yanyan,1,13.6,146.8,1000,15,2003011716,2003-01-17T16,300.57568,100854.91
Yanyan,2,14.1,146.6,998,18,2003011722,2003-01-17T22,300.5276,100860.28
Yanyan,2,14.5,146.8,998,18,2003011804,2003-01-18T04,300.7151,100583.58
Yanyan,2,14.7,147.3,995,18,2003011810,2003-01-18T10,300.85864,100769.03
Yanyan,2,14.9,147.9,995,18,2003011816,2003-01-18T16,300.80396,100669.0
Yanyan,2,15.2,148.8,995,18,2003011822,2003-01-18T22,300.635,100836.72
Yanyan,2,15.6,150.0,995,18,2003011904,2003-01-19T04,300.89185,100645.234
Yanyan,2,16.2,151.3,995,18,2003011910,2003-01-19T10,300.75317,100857.58
Yanyan,2,16.8,152.4,995,18,2003011916,2003-01-19T16,300.77075,100738.8
Yanyan,2,17.2,153.7,995,18,2003011922,2003-01-19T22,300.69653,100906.25
Yanyan,1,17.5,154.9,1000,15,2003012004,2003-01-20T04,300.69067,100711.89
Yanyan,1,17.9,156.1,1004,12,2003012010,2003-01-20T10,300.53638,100932.8
Yanyan,0,19.0,157.0,1006,10,2003012016,2003-01-20T16,300.2268,100853.91
Ivy,1,6.3,134.9,1003,12,1960012722,1960-01-27T22,301.25415,100712.44
Ivy,1,6.4,134.0,1002,12,1960012804,1960-01-28T04,301.08813,100603.625
Ivy,1,6.5,133.1,1002,12,1960012810,1960-01-28T10,301.13208,100648.625
Ivy,1,6.5,132.3,1002,12,1960012816,1960-01-28T16,301.2307,100604.69
Ivy,1,6.5,131.6,1002,12,1960012822,1960-01-28T22,301.18823,100538.625
Ivy,1,6.8,130.8,1002,12,1960012904,1960-01-29T04,300.9226,100542.81
Ivy,1,7.3,130.4,1002,12,1960012910,1960-01-29T10,300.8152,100462.75
Ivy,1,8.0,130.3,1002,12,1960012916,1960-01-29T16,300.9812,100514.125
Ivy,1,8.5,130.2,1000,15,1960012922,1960-01-29T22,300.98633,100444.875
Ivy,1,9.0,130.0,1000,15,1960013004,1960-01-30T04,301.0332,100218.94
Ivy,1,9.4,129.6,1000,15,1960013010,1960-01-30T10,301.13086,100226.31
Ivy,1,9.7,129.2,1000,15,1960013016,1960-01-30T16,301.08008,100441.94
Ivy,1,9.9,128.5,1000,15,1960013022,1960-01-30T22,300.9026,100391.19
Ivy,1,10.2,127.8,1000,15,1960013104,1960-01-31T04,300.87036,100504.75
Ivy,1,10.8,127.6,1000,15,1960013110,1960-01-31T10,300.80103,100429.0
Ivy,1,11.3,127.8,1000,15,1960013116,1960-01-31T16,300.677,100631.5
Ivy,1,11.5,128.4,1000,15,1960013122,1960-01-31T22,300.65796,100680.69
Ivy,1,11.8,129.2,1000,15,1960020104,1960-02-01T04,300.90698,100669.69
Ivy,1,11.9,130.1,1000,15,1960020110,1960-02-01T10,300.97144,100682.625
Ivy,1,12.1,131.0,1002,15,1960020116,1960-02-01T16,301.05054,100692.625
Ivy,1,12.7,132.2,1002,15,1960020122,1960-02-01T22,301.2395,100718.19
Ivy,1,13.5,133.8,1002,15,1960020204,1960-02-02T04,301.0891,100643.875
Ivy,1,14.0,136.6,1004,12,1960020210,1960-02-02T10,301.01294,100774.0
Ivy,1,14.0,140.0,1006,12,1960020216,1960-02-02T16,300.55103,101041.625
Ivy,0,14.7,143.7,1008,0,1960020222,1960-02-02T22,300.1211,101272.19
Ivy,0,16.0,147.2,1010,0,1960020304,1960-02-03T04,300.5088,101035.94
Nadine,0,5.0,165.0,1004,0,1978010604,1978-01-06T04,302.12354,100364.94
Nadine,0,5.8,164.7,1004,0,1978010610,1978-01-06T10,302.0923,100625.97
Nadine,0,6.6,164.2,1002,0,1978010616,1978-01-06T16,301.8042,100346.72
Nadine,0,7.1,163.9,1002,0,1978010622,1978-01-06T22,301.69678,100581.44
Nadine,1,7.7,163.5,1000,12,1978010704,1978-01-07T04,301.56592,100111.47
Nadine,1,8.2,162.7,1000,12,1978010710,1978-01-07T10,301.479,100300.31
Nadine,1,8.9,162.0,1000,12,1978010716,1978-01-07T16,301.33838,99859.78
Nadine,1,9.5,162.1,996,15,1978010722,1978-01-07T22,301.1599,100126.44
Nadine,1,9.8,162.5,996,15,1978010804,1978-01-08T04,300.95093,99660.41
Nadine,1,10.2,162.7,996,15,1978010810,1978-01-08T10,300.76245,99798.44
Nadine,1,10.3,162.3,996,15,1978010816,1978-01-08T16,300.88452,99652.28
Nadine,1,10.2,161.8,996,15,1978010822,1978-01-08T22,300.8772,99891.875
Nadine,1,10.0,161.3,996,15,1978010904,1978-01-09T04,300.9358,99628.09
Nadine,1,10.2,160.9,996,15,1978010910,1978-01-09T10,300.82642,99967.41
Nadine,1,10.9,161.1,996,15,1978010916,1978-01-09T16,300.64185,99818.0
Nadine,2,11.7,161.1,992,20,1978010922,1978-01-09T22,300.40015,100059.81
Nadine,2,12.6,160.5,990,20,1978011004,1978-01-10T04,300.12476,99885.69
Nadine,3,13.7,160.2,985,25,1978011010,1978-01-10T10,300.03687,100149.81
Nadine,3,14.5,160.4,985,25,1978011016,1978-01-10T16,299.97925,100286.44
Nadine,3,15.3,161.1,980,25,1978011022,1978-01-10T22,299.79346,100327.31
Nadine,3,15.9,161.9,980,25,1978011104,1978-01-11T04,299.7827,100266.19
Nadine,3,16.5,163.1,976,30,1978011110,1978-01-11T10,299.66455,100203.81
Nadine,3,17.1,164.7,975,30,1978011116,1978-01-11T16,299.7954,100539.75
Nadine,3,18.0,166.5,973,30,1978011122,1978-01-11T22,299.6211,100582.875
Nadine,3,19.0,168.7,973,30,1978011204,1978-01-12T04,299.35938,100446.19
Nadine,3,20.2,171.0,972,30,1978011210,1978-01-12T10,298.66504,100623.875
Nadine,3,21.2,173.0,975,25,1978011216,1978-01-12T16,298.11523,100730.56
Nadine,2,22.8,177.0,980,20,1978011222,1978-01-12T22,297.6272,100933.19
Fabian,1,9.5,132.0,1000,15,1985010416,1985-01-04T16,301.7107,100273.97
Fabian,2,10.0,131.0,998,20,1985010422,1985-01-04T22,301.5027,100232.97
Fabian,3,10.5,130.5,990,25,1985010504,1985-01-05T04,301.27124,100132.45
Fabian,3,11.8,131.3,990,25,1985010510,1985-01-05T10,301.08765,100174.8
Fabian,3,12.7,132.8,985,30,1985010516,1985-01-05T16,301.05737,100289.17
Fabian,3,13.0,134.0,990,25,1985010522,1985-01-05T22,301.10498,100242.016
Fabian,3,12.5,134.5,990,25,1985010604,1985-01-06T04,301.36572,100228.125
Fabian,3,12.5,134.5,990,25,1985010610,1985-01-06T10,301.36572,100151.64
Fabian,3,12.5,134.5,990,25,1985010616,1985-01-06T16,301.36572,100140.42
Fabian,2,12.0,135.0,995,20,1985010622,1985-01-06T22,301.25732,100234.94
Fabian,2,11.0,135.5,995,20,1985010704,1985-01-07T04,301.1919,99935.0
Fabian,2,11.0,135.5,995,20,1985010710,1985-01-07T10,301.1919,100181.234
Fabian,2,11.0,135.5,995,20,1985010716,1985-01-07T16,301.1919,100097.97
Fabian,2,10.0,135.0,995,20,1985010722,1985-01-07T22,301.33545,100221.08
Fabian,2,10.5,134.3,995,20,1985010804,1985-01-08T04,301.41162,99935.03
Fabian,2,11.1,134.3,995,20,1985010810,1985-01-08T10,301.2505,100106.64
Fabian,2,11.0,135.0,995,20,1985010816,1985-01-08T16,301.1919,99923.766
Fabian,2,10.3,135.6,989,20,1985010822,1985-01-08T22,301.23096,99944.89
Fabian,2,10.3,135.6,990,20,1985010904,1985-01-09T04,301.23096,99737.28
Fabian,2,9.6,136.3,990,20,1985010910,1985-01-09T10,301.48584,99844.94
Fabian,1,9.0,137.5,990,15,1985010916,1985-01-09T16,301.3462,99798.59
Fabian,1,9.2,138.4,990,12,1985010922,1985-01-09T22,301.1726,99918.625
Fabian,1,9.7,138.7,990,12,1985011004,1985-01-10T04,301.31226,99559.94
Fabian,1,10.3,138.9,990,12,1985011010,1985-01-10T10,301.23022,99696.84
Fabian,1,10.6,138.5,990,12,1985011016,1985-01-10T16,301.1814,99579.94
Fabian,1,10.6,138.5,990,12,1985011022,1985-01-10T22,301.13428,99758.91
Fabian,1,10.0,138.5,990,12,1985011104,1985-01-11T04,301.16553,99722.72
Fabian,1,9.5,138.5,990,12,1985011110,1985-01-11T10,301.12158,99978.03
Fabian,1,9.0,139.0,995,12,1985011116,1985-01-11T16,301.16748,99927.34
Fabian,1,9.0,139.0,1000,12,1985011122,1985-01-11T22,301.0796,100056.78
Fabian,0,8.5,139.2,1000,10,1985011204,1985-01-12T04,300.82568,100079.375
Fabian,0,8.4,138.7,1000,10,1985011210,1985-01-12T10,300.86572,100281.89
Fabian,0,8.6,137.9,1000,10,1985011216,1985-01-12T16,300.90186,100153.33
Fabian,0,8.8,137.0,1002,10,1985011222,1985-01-12T22,301.16772,100420.05
Fabian,0,8.5,136.6,1004,10,1985011304,1985-01-13T04,301.16284,100452.92
Fabian,0,8.2,136.2,1004,10,1985011310,1985-01-13T10,301.06226,100495.97
Fabian,0,8.0,135.6,1004,10,1985011316,1985-01-13T16,300.9402,100608.766
Fabian,0,8.5,134.8,1004,10,1985011322,1985-01-13T22,301.23975,100602.42
Fabian,0,9.2,135.4,1004,10,1985011404,1985-01-14T04,301.187,100540.84
Fabian,0,9.6,135.9,1004,10,1985011410,1985-01-14T10,301.33838,100610.25
Fabian,0,9.8,136.5,1004,10,1985011416,1985-01-14T16,301.33838,100685.83
Fabian,0,9.5,137.2,1006,9,1985011422,1985-01-14T22,301.2544,100693.53
IRIS,1,11.5,132.9,1002,15,1999021522,1999-02-15T22,301.6233,100285.734
IRIS,1,11.5,132.2,1002,15,1999021604,1999-02-16T04,301.78833,100377.11
IRIS,1,11.5,132.0,1002,15,1999021610,1999-02-16T10,301.92505,100404.67
IRIS,1,11.6,131.8,1002,15,1999021616,1999-02-16T16,302.03833,100523.58
IRIS,1,11.8,131.5,1002,15,1999021622,1999-02-16T22,301.94995,100501.11
IRIS,1,12.2,131.0,1002,15,1999021704,1999-02-17T04,301.53687,100623.83
IRIS,1,12.6,130.1,1002,15,1999021710,1999-02-17T10,301.26733,100722.945
IRIS,1,13.0,129.6,1002,15,1999021716,1999-02-17T16,301.21167,100893.05
IRIS,1,13.2,129.0,1004,12,1999021722,1999-02-17T22,300.9878,100770.35
IRIS,1,13.5,128.5,1004,12,1999021804,1999-02-18T04,300.57568,100856.07
Chuck,1,5.2,166.2,1006,12,1995042710,1995-04-27T10,302.2168,100826.08
Chuck,1,5.5,166.3,1004,15,1995042716,1995-04-27T16,302.14844,100605.125
Chuck,1,6.5,166.5,1004,15,1995042722,1995-04-27T22,302.0569,100906.125
Chuck,1,7.0,166.5,1002,15,1995042804,1995-04-28T04,302.09888,100563.734
Chuck,1,7.3,166.2,1002,15,1995042810,1995-04-28T10,302.06274,100738.05
Chuck,2,7.4,165.5,998,18,1995042816,1995-04-28T16,301.83325,100330.766
Chuck,2,7.3,164.5,998,18,1995042822,1995-04-28T22,301.93652,100474.69
Chuck,2,7.1,163.7,998,18,1995042904,1995-04-29T04,301.9756,100218.86
Chuck,2,6.9,163.1,998,18,1995042910,1995-04-29T10,302.02637,100478.58
Chuck,2,6.7,162.7,998,18,1995042916,1995-04-29T16,302.07227,100253.94
Chuck,2,6.6,162.6,998,18,1995042922,1995-04-29T22,302.0586,100493.09
Chuck,2,6.4,162.3,998,18,1995043004,1995-04-30T04,302.1084,100261.08
Chuck,2,5.9,161.9,998,18,1995043010,1995-04-30T10,302.11523,100670.51
Chuck,1,5.4,161.6,1002,15,1995043016,1995-04-30T16,302.15625,100400.734
Chuck,1,5.9,161.9,1002,15,1995043022,1995-04-30T22,302.00806,100634.125
Chuck,1,6.8,161.7,1004,12,1995050104,1995-05-01T04,302.0735,100428.7
Chuck,1,7.8,161.3,1004,12,1995050110,1995-05-01T10,301.8557,100690.266
Chuck,1,8.8,160.8,1004,12,1995050116,1995-05-01T16,301.49243,100644.125
Chuck,1,9.6,160.1,1004,12,1995050122,1995-05-01T22,301.37524,100898.16
Chuck,0,10.3,159.2,1006,10,1995050204,1995-05-02T04,301.22388,100622.11
Chuck,0,11.0,158.2,1006,10,1995050210,1995-05-02T10,300.92407,100795.08
Chuck,0,11.5,157.7,1006,10,1995050216,1995-05-02T16,300.95142,100642.33
Chuck,0,11.8,157.1,1006,10,1995050222,1995-05-02T22,300.92432,100722.83
Chuck,0,12.0,156.5,1006,10,1995050304,1995-05-03T04,300.92334,100527.44
Chuck,0,12.2,155.9,1006,10,1995050310,1995-05-03T10,300.9624,100613.03
Chuck,0,12.3,155.2,1008,10,1995050316,1995-05-03T16,301.104,100463.375
Damrey,1,9.6,136.0,1004,15,2000050416,2000-05-04T16,302.38525,100722.0
Damrey,1,9.9,135.0,1004,15,2000050422,2000-05-04T22,302.19653,100768.28
Damrey,1,10.2,134.4,1004,15,2000050504,2000-05-05T04,302.1643,100738.53
Damrey,1,10.7,133.7,1002,15,2000050510,2000-05-05T10,302.17798,100699.97
Damrey,1,11.1,133.0,1002,15,2000050516,2000-05-05T16,302.2317,100631.44
Damrey,1,11.8,132.3,1002,15,2000050522,2000-05-05T22,301.97192,100664.875
Damrey,1,12.5,132.1,1000,15,2000050604,2000-05-06T04,302.10474,100660.19
Damrey,1,13.0,131.8,1000,15,2000050610,2000-05-06T10,302.0598,100469.69
Damrey,2,13.2,131.6,995,20,2000050616,2000-05-06T16,302.05298,100464.41
Damrey,3,13.4,131.3,985,25,2000050622,2000-05-06T22,301.979,100266.81
Damrey,3,13.7,131.2,980,28,2000050704,2000-05-07T04,301.96533,100088.375
Damrey,3,13.8,131.3,980,30,2000050710,2000-05-07T10,301.96533,99826.19
Damrey,4,14.0,131.5,975,33,2000050716,2000-05-07T16,301.9839,99539.625
Damrey,4,14.3,132.0,970,35,2000050722,2000-05-07T22,301.89917,99507.19
Damrey,4,14.6,132.4,970,35,2000050804,2000-05-08T04,301.94214,99495.75
Damrey,4,15.1,133.0,965,40,2000050810,2000-05-08T10,301.91968,99386.5
Damrey,5,15.6,133.5,955,45,2000050816,2000-05-08T16,301.9148,99295.375
Damrey,5,16.4,134.4,945,50,2000050822,2000-05-08T22,301.5835,99652.5
Damrey,5,17.3,135.3,940,50,2000050904,2000-05-09T04,301.47705,99620.875
Damrey,5,18.7,136.0,935,50,2000050910,2000-05-09T10,300.8169,99783.75
Damrey,5,19.5,136.8,935,50,2000050916,2000-05-09T16,300.5044,99737.375
Damrey,5,20.8,137.8,945,45,2000050922,2000-05-09T22,299.2854,99828.94
Damrey,4,22.2,138.8,955,40,2000051004,2000-05-10T04,299.25903,99982.94
Damrey,4,23.0,139.5,955,40,2000051010,2000-05-10T10,299.36646,99695.94
Damrey,4,23.7,139.9,965,35,2000051016,2000-05-10T16,299.33228,99388.875
Damrey,3,25.1,141.1,975,30,2000051022,2000-05-10T22,297.93652,99187.5
Damrey,3,26.0,142.0,980,28,2000051104,2000-05-11T04,296.15723,99102.625
Damrey,3,26.9,143.5,980,25,2000051110,2000-05-11T10,296.15527,99105.25
Damrey,2,27.7,145.9,990,20,2000051116,2000-05-11T16,295.98535,99411.5
Damrey,2,28.3,147.9,995,18,2000051122,2000-05-11T22,294.57056,99409.44
Damrey,9,28.4,149.5,998,15,2000051204,2000-05-12T04,293.93872,99193.75
Winona,1,16.7,156.7,1002,15,1989011710,1989-01-17T10,300.57983,100956.5
Winona,1,16.9,154.3,1002,15,1989011716,1989-01-17T16,300.47632,100943.734
Winona,1,16.7,152.0,1002,15,1989011722,1989-01-17T22,300.74023,101148.39
Winona,1,16.3,150.2,1000,15,1989011804,1989-01-18T04,300.84863,100831.91
Winona,1,16.0,148.2,1000,15,1989011810,1989-01-18T10,301.08887,100906.984
Winona,1,15.5,145.6,1000,15,1989011816,1989-01-18T16,301.3584,100835.64
Winona,2,15.2,143.4,995,20,1989011822,1989-01-18T22,301.76123,100877.78
Winona,2,14.0,140.0,995,20,1989011904,1989-01-19T04,302.0376,100683.22
Winona,2,13.4,137.0,995,20,1989011910,1989-01-19T10,301.9048,100609.734
Winona,2,13.0,133.8,995,20,1989011916,1989-01-19T16,302.063,100698.516
Winona,1,13.6,132.1,1000,15,1989011922,1989-01-19T22,301.95703,100702.67
Winona,1,14.0,130.4,1002,15,1989012004,1989-01-20T04,301.75098,100640.69
Winona,1,13.5,128.5,1002,12,1989012010,1989-01-20T10,301.87012,100582.03
Winona,1,13.0,127.0,1004,12,1989012016,1989-01-20T16,301.62012,100639.66
Rita,0,7.0,141.0,1005,0,1961011304,1961-01-13T04,302.2661,100455.47
Rita,0,7.3,139.4,1002,0,1961011310,1961-01-13T10,302.52393,100522.84
Rita,0,7.5,137.6,1002,0,1961011316,1961-01-13T16,302.3579,100430.58
Rita,1,7.6,136.5,1000,15,1961011322,1961-01-13T22,302.2876,100313.34
Rita,1,8.0,135.4,1000,15,1961011404,1961-01-14T04,302.11572,100205.0
Rita,1,8.4,133.9,1000,15,1961011410,1961-01-14T10,302.1206,100270.92
Rita,1,9.1,132.6,1002,15,1961011416,1961-01-14T16,301.97607,100356.06
Rita,1,9.4,132.3,1002,15,1961011422,1961-01-14T22,301.82178,100387.53
Rita,1,9.7,132.1,1000,15,1961011504,1961-01-15T04,301.8579,100284.72
Rita,1,9.9,131.9,1000,15,1961011510,1961-01-15T10,301.8921,100237.66
Rita,2,10.2,131.8,999,20,1961011516,1961-01-15T16,301.88818,100284.84
Rita,2,10.6,131.8,996,20,1961011522,1961-01-15T22,301.7334,100204.22
Rita,2,11.1,132.1,998,20,1961011604,1961-01-16T04,301.53613,100181.11
Rita,2,11.5,132.5,998,20,1961011610,1961-01-16T10,301.37695,100186.59
Rita,1,11.8,133.2,1000,15,1961011616,1961-01-16T16,301.45898,100267.61
Rita,1,12.0,133.9,1000,15,1961011622,1961-01-16T22,301.17773,100243.53
Rita,1,12.2,134.7,1002,15,1961011704,1961-01-17T04,301.0791,100098.14
Rita,1,12.3,135.5,1002,15,1961011710,1961-01-17T10,301.08203,100194.84
Rita,1,12.4,136.2,1002,15,1961011716,1961-01-17T16,301.19434,100304.44
Rita,1,12.5,137.0,1000,15,1961011722,1961-01-17T22,300.93896,100350.36
Rita,1,12.6,137.9,1000,15,1961011804,1961-01-18T04,301.00635,100297.484
Rita,1,12.8,138.9,1002,15,1961011810,1961-01-18T10,301.0083,100420.734
Rita,1,13.2,139.7,1002,15,1961011816,1961-01-18T16,300.9214,100417.375
Rita,1,13.5,140.3,1002,15,1961011822,1961-01-18T22,300.55884,100491.97
Rita,0,13.9,141.1,1004,10,1961011904,1961-01-19T04,300.56372,100527.78
Rita,0,14.3,141.8,1004,10,1961011910,1961-01-19T10,300.6194,100711.11
Rita,0,14.7,142.5,1004,10,1961011916,1961-01-19T16,300.5891,100685.2
Rita,0,15.0,143.5,1004,10,1961011922,1961-01-19T22,300.72827,100698.69
Judy,1,4.5,152.5,1002,15,1986013004,1986-01-30T04,302.23608,100423.09
Judy,1,3.5,151.0,1002,15,1986013010,1986-01-30T10,302.04175,100461.94
Judy,1,2.7,150.0,1002,15,1986013016,1986-01-30T16,302.0056,100356.97
Judy,1,3.0,148.5,1000,15,1986013022,1986-01-30T22,301.73413,100507.875
Judy,1,3.3,147.0,1000,15,1986013104,1986-01-31T04,301.8484,100344.28
Judy,1,3.9,145.5,1000,15,1986013110,1986-01-31T10,301.89038,100570.61
Judy,1,4.3,143.6,998,15,1986013116,1986-01-31T16,301.53003,100545.31
Judy,2,4.5,142.0,998,20,1986013122,1986-01-31T22,301.448,100695.34
Judy,2,5.0,141.0,998,20,1986020104,1986-02-01T04,301.1814,100583.78
Judy,2,5.5,139.0,996,20,1986020110,1986-02-01T10,301.6267,100660.33
Judy,2,6.4,137.5,996,20,1986020116,1986-02-01T16,301.18823,100635.0
Judy,2,7.8,136.2,994,20,1986020122,1986-02-01T22,300.92847,100667.81
Judy,3,8.8,134.9,992,25,1986020204,1986-02-02T04,300.90405,100617.91
Judy,3,9.7,133.2,990,25,1986020210,1986-02-02T10,300.8181,100718.69
Judy,3,10.7,132.2,990,25,1986020216,1986-02-02T16,300.7019,100770.25
Judy,3,11.4,131.7,983,30,1986020222,1986-02-02T22,300.47363,100536.06
Judy,3,12.4,131.0,983,30,1986020304,1986-02-03T04,300.1748,100716.78
Judy,3,13.5,130.8,980,30,1986020310,1986-02-03T10,300.08203,100583.84
Judy,4,15.0,131.6,975,35,1986020316,1986-02-03T16,299.8506,100631.41
Judy,4,16.1,132.3,975,35,1986020322,1986-02-03T22,299.6499,100119.19
Judy,4,17.1,133.5,972,35,1986020404,1986-02-04T04,299.22314,100327.69
Judy,4,18.0,135.2,970,35,1986020410,1986-02-04T10,298.79443,100458.16
Judy,3,18.7,136.5,975,30,1986020416,1986-02-04T16,298.47217,100661.59
Judy,3,18.7,138.0,980,25,1986020422,1986-02-04T22,298.57544,100744.125
Judy,2,18.5,139.0,998,20,1986020504,1986-02-05T04,298.95435,100622.016
Judy,1,18.8,140.2,1000,15,1986020510,1986-02-05T10,299.30884,100677.59
Judy,1,18.7,141.8,1005,15,1986020516,1986-02-05T16,299.46802,100785.66
Koryn,1,7.0,152.5,1000,15,1990011122,1990-01-11T22,301.7412,100450.78
Koryn,1,8.0,151.5,1000,15,1990011204,1990-01-12T04,301.26953,100147.5
Koryn,1,8.5,150.5,998,15,1990011210,1990-01-12T10,301.22852,100217.53
Koryn,1,9.0,149.5,998,15,1990011216,1990-01-12T16,301.1377,99991.03
Koryn,2,9.7,148.2,995,20,1990011222,1990-01-12T22,301.26318,100070.09
Koryn,2,11.2,146.6,995,20,1990011304,1990-01-13T04,300.99072,100068.34
Koryn,2,12.7,145.5,995,20,1990011310,1990-01-13T10,300.50537,100219.22
Koryn,3,13.3,145.4,990,25,1990011316,1990-01-13T16,300.52002,100048.5
Koryn,3,14.0,145.5,985,25,1990011322,1990-01-13T22,300.38745,99757.31
Koryn,3,14.5,145.5,980,30,1990011404,1990-01-14T04,300.3933,99522.875
Koryn,4,15.0,145.6,970,35,1990011410,1990-01-14T10,300.30054,99475.875
Koryn,4,15.5,145.8,970,35,1990011416,1990-01-14T16,300.2273,99382.0
Koryn,3,16.2,146.1,980,30,1990011422,1990-01-14T22,300.07104,99436.69
Koryn,3,16.6,146.2,980,30,1990011504,1990-01-15T04,300.00854,99387.19
Koryn,3,17.1,146.2,985,25,1990011510,1990-01-15T10,299.90405,99472.19
Koryn,3,17.8,146.2,985,25,1990011516,1990-01-15T16,299.6814,99535.375
Koryn,3,19.4,146.4,990,25,1990011522,1990-01-15T22,299.16284,100076.69
Koryn,3,21.2,146.9,990,25,1990011604,1990-01-16T04,298.864,100162.81
Koryn,2,22.8,148.3,995,20,1990011610,1990-01-16T10,298.45776,100198.25
Koryn,2,24.0,151.0,995,20,1990011616,1990-01-16T16,297.65698,100244.19
Koryn,2,26.0,154.5,995,20,1990011622,1990-01-16T22,295.9585,100482.5
Koryn,1,29.5,160.0,995,15,1990011704,1990-01-17T04,293.2046,100128.31
Georgia,0,5.7,158.3,1002,10,1951031722,1951-03-17T22,301.3391,100609.47
Georgia,1,6.0,159.4,1002,12,1951031804,1951-03-18T04,300.89575,100331.89
Georgia,1,6.3,160.4,1000,15,1951031810,1951-03-18T10,300.91528,100587.78
Georgia,1,6.7,161.5,1000,15,1951031816,1951-03-18T16,301.21118,100356.22
Georgia,1,7.0,162.5,998,15,1951031822,1951-03-18T22,301.12183,100593.0
Georgia,1,7.3,163.6,998,15,1951031904,1951-03-19T04,301.19214,100381.016
Georgia,2,7.4,164.7,994,20,1951031910,1951-03-19T10,300.75366,100616.78
Georgia,3,7.5,166.3,990,25,1951031916,1951-03-19T16,300.92065,100531.56
Georgia,3,7.7,167.5,990,25,1951031922,1951-03-19T22,300.95093,100616.66
Georgia,3,8.0,168.5,985,30,1951032004,1951-03-20T04,300.74097,100488.47
Georgia,4,8.2,169.5,980,35,1951032010,1951-03-20T10,301.02222,100586.625
Georgia,4,8.5,170.5,980,35,1951032016,1951-03-20T16,300.56323,100400.266
Georgia,5,8.8,171.5,978,45,1951032022,1951-03-20T22,301.115,100608.22
Georgia,5,9.1,171.9,978,45,1951032104,1951-03-21T04,300.86206,100292.125
Georgia,5,9.4,172.2,978,45,1951032110,1951-03-21T10,300.5359,100516.2
Georgia,5,9.7,172.3,970,50,1951032116,1951-03-21T16,300.49878,100154.28
Georgia,5,10.1,172.3,970,50,1951032122,1951-03-21T22,300.51636,100239.69
Georgia,5,10.4,172.0,970,50,1951032204,1951-03-22T04,300.60913,100059.0
Georgia,5,10.6,171.6,970,50,1951032210,1951-03-22T10,300.66675,100418.91
Georgia,5,10.8,171.1,970,50,1951032216,1951-03-22T16,300.5193,100369.53
Georgia,4,11.0,170.7,975,40,1951032222,1951-03-22T22,300.31714,100599.234
Georgia,4,11.2,169.6,980,35,1951032304,1951-03-23T04,299.87085,100472.31
Georgia,3,11.0,168.5,985,30,1951032310,1951-03-23T10,300.0642,100748.42
Georgia,3,10.5,166.7,985,30,1951032316,1951-03-23T16,300.2859,100597.94
Georgia,3,10.4,165.2,985,30,1951032322,1951-03-23T22,300.6062,100871.625
Georgia,3,10.2,163.6,990,25,1951032404,1951-03-24T04,300.88647,100608.39
Georgia,2,10.3,162.7,995,20,1951032410,1951-03-24T10,300.54272,100797.766
Georgia,1,10.7,162.3,1000,15,1951032416,1951-03-24T16,300.48022,100537.58
Georgia,1,11.3,161.8,1000,15,1951032422,1951-03-24T22,300.34155,100729.69
Georgia,0,11.5,161.1,1004,0,1951032504,1951-03-25T04,300.2976,100547.016
Georgia,0,11.4,160.3,1004,0,1951032510,1951-03-25T10,300.35327,100741.125
Georgia,0,10.9,159.5,1006,0,1951032516,1951-03-25T16,300.5896,100565.28
Georgia,0,10.4,158.7,1006,0,1951032522,1951-03-25T22,300.83545,100853.016
Georgia,0,10.2,157.8,1006,0,1951032604,1951-03-26T04,300.95166,100622.39
Georgia,0,10.0,156.8,1006,0,1951032610,1951-03-26T10,301.06787,100865.97
Georgia,0,10.0,155.9,1006,0,1951032616,1951-03-26T16,300.95166,100740.09
Georgia,0,10.0,155.0,1006,0,1951032622,1951-03-26T22,301.23193,100907.875
Tess,0,11.5,134.2,1006,0,1964051216,1964-05-12T16,302.08667,100850.31
Tess,0,11.7,133.8,1006,0,1964051222,1964-05-12T22,301.84326,100839.06
Tess,0,11.8,133.4,1006,0,1964051304,1964-05-13T04,301.82764,100785.625
Tess,0,12.0,133.0,1006,0,1964051310,1964-05-13T10,301.8872,100727.25
Tess,0,12.1,132.7,1006,0,1964051316,1964-05-13T16,301.84912,100661.125
Tess,1,12.2,132.2,1004,15,1964051322,1964-05-13T22,301.30322,100660.19
Tess,1,12.5,132.0,1002,15,1964051404,1964-05-14T04,301.29443,100556.375
Tess,1,12.7,131.9,1002,15,1964051410,1964-05-14T10,301.37744,100491.875
Tess,2,12.9,131.9,1000,20,1964051416,1964-05-14T16,301.49072,100456.0
Tess,2,13.0,131.6,999,20,1964051422,1964-05-14T22,301.34912,100424.5
Tess,2,12.8,131.3,1000,20,1964051504,1964-05-15T04,301.29932,100461.0
Tess,2,12.4,130.8,1000,20,1964051510,1964-05-15T10,301.2251,100463.81
Tess,2,11.9,130.3,1000,20,1964051516,1964-05-15T16,301.38428,100439.94
Tess,2,11.7,130.1,1000,20,1964051522,1964-05-15T22,301.13428,100463.875
Tess,2,11.4,129.9,1000,20,1964051604,1964-05-16T04,301.13037,100371.06
Tess,2,11.3,129.7,998,20,1964051610,1964-05-16T10,301.12354,100406.69
Tess,1,11.6,129.6,998,15,1964051616,1964-05-16T16,301.1294,100417.25
Tess,1,11.6,129.9,998,15,1964051622,1964-05-16T22,300.93213,100444.31
Tess,1,12.0,130.6,998,15,1964051704,1964-05-17T04,300.88623,100419.0
Tess,1,12.3,131.5,997,15,1964051710,1964-05-17T10,300.83154,100313.0
Tess,2,12.6,132.5,996,20,1964051716,1964-05-17T16,300.65967,100335.875
Tess,2,12.7,132.7,994,20,1964051722,1964-05-17T22,300.56104,100157.69
Tess,2,12.7,133.4,992,20,1964051804,1964-05-18T04,300.76318,100186.5
Tess,3,12.6,134.3,990,25,1964051810,1964-05-18T10,300.81396,100100.875
Tess,3,12.5,135.5,988,30,1964051816,1964-05-18T16,300.90283,100114.19
Tess,3,12.7,137.2,986,30,1964051822,1964-05-18T22,300.8286,100093.25
Tess,4,13.4,139.0,984,35,1964051904,1964-05-19T04,300.93115,100118.94
Tess,4,14.3,140.5,983,35,1964051910,1964-05-19T10,300.75928,100020.19
Tess,4,15.4,142.0,981,40,1964051916,1964-05-19T16,300.7085,100020.0
Tess,4,16.5,143.7,979,40,1964051922,1964-05-19T22,300.70264,100034.19
Tess,4,17.0,145.6,976,40,1964052004,1964-05-20T04,300.7173,99931.19
Tess,4,18.6,147.5,974,40,1964052010,1964-05-20T10,300.2505,99795.69
Tess,5,20.6,149.1,973,45,1964052016,1964-05-20T16,299.96533,99496.0
Tess,5,22.3,150.4,970,50,1964052022,1964-05-20T22,300.08154,100040.5
Tess,5,23.7,151.8,966,50,1964052104,1964-05-21T04,299.37744,99934.0
Tess,5,25.2,152.8,968,50,1964052110,1964-05-21T10,298.67725,99876.06
Tess,5,26.6,153.0,970,45,1964052116,1964-05-21T16,297.3042,99506.625
Tess,4,28.2,154.3,974,40,1964052122,1964-05-21T22,295.9956,99947.875
Tess,4,29.5,155.5,974,35,1964052204,1964-05-22T04,294.95068,100139.31
Tess,4,30.8,156.7,975,35,1964052210,1964-05-22T10,294.1538,100303.625
Tess,3,31.9,157.8,980,30,1964052216,1964-05-22T16,293.37744,100094.81
Tess,3,32.8,158.8,980,30,1964052222,1964-05-22T22,293.34253,99886.25
Tess,3,33.5,159.9,980,30,1964052304,1964-05-23T04,292.34644,99848.625
Tess,3,34.1,160.9,985,25,1964052310,1964-05-23T10,292.10718,100147.75
Tess,9,34.9,162.1,990,25,1964052316,1964-05-23T16,291.09155,100146.0
Tess,9,35.3,163.5,992,0,1964052322,1964-05-23T22,290.60498,100208.94
Tess,9,35.6,164.8,996,0,1964052404,1964-05-24T04,290.31885,100110.69
Tess,9,36.0,166.7,1000,0,1964052410,1964-05-24T10,290.28662,100339.125
Tess,9,36.0,168.2,1000,0,1964052416,1964-05-24T16,290.47607,100291.56
Tess,9,36.0,169.2,1002,0,1964052422,1964-05-24T22,290.52417,100257.125
Tess,9,36.0,170.5,1004,0,1964052504,1964-05-25T04,290.79663,100376.875
Tess,9,36.2,171.4,1008,0,1964052510,1964-05-25T10,290.03394,100684.19
Tess,9,36.5,172.7,1008,0,1964052516,1964-05-25T16,288.72046,100862.69
Tess,9,36.8,173.5,1010,0,1964052522,1964-05-25T22,289.12573,101291.0
Tess,9,36.9,173.9,1012,0,1964052604,1964-05-26T04,288.87378,101306.19
Tess,9,37.0,174.0,1012,0,1964052610,1964-05-26T10,288.87378,101606.56
Tess,9,37.0,174.2,1014,0,1964052616,1964-05-26T16,288.80835,101550.56
Tess,9,37.0,174.4,1014,0,1964052622,1964-05-26T22,289.0874,101730.19
Malakas,1,3.9,148.5,1002,13,2022040616,2022-04-06T16,302.70288,100529.75
Malakas,1,4.0,147.6,1002,13,2022040622,2022-04-06T22,302.7024,100620.69
Malakas,1,4.2,147.0,1000,15,2022040704,2022-04-07T04,302.6692,100301.5
Malakas,1,4.5,146.4,1000,15,2022040710,2022-04-07T10,302.66724,100402.0
Malakas,2,5.0,146.2,998,18,2022040716,2022-04-07T16,302.68286,100208.69
Malakas,2,5.6,145.8,998,18,2022040722,2022-04-07T22,302.64087,100502.19
Malakas,2,6.2,145.2,998,18,2022040804,2022-04-08T04,302.14966,100359.375
Malakas,2,6.6,144.7,995,20,2022040810,2022-04-08T10,302.04907,100348.875
Malakas,2,7.0,144.2,995,20,2022040816,2022-04-08T16,302.10474,100108.94
Malakas,2,7.4,143.6,995,20,2022040822,2022-04-08T22,302.04395,100364.5
Malakas,2,8.2,142.5,992,23,2022040904,2022-04-09T04,302.0586,100209.06
Malakas,2,9.4,141.3,992,23,2022040910,2022-04-09T10,301.69336,100386.125
Malakas,3,10.6,139.8,990,25,2022040916,2022-04-09T16,301.60547,100387.94
Malakas,3,11.3,138.6,990,25,2022040922,2022-04-09T22,301.3689,100376.19
Malakas,3,11.8,137.3,990,25,2022041004,2022-04-10T04,301.63452,100261.56
Malakas,3,11.9,136.8,990,25,2022041010,2022-04-10T10,301.698,100027.875
Malakas,3,12.4,136.4,990,25,2022041016,2022-04-10T16,301.64917,99629.69
Malakas,3,13.3,136.0,990,25,2022041022,2022-04-10T22,300.97437,99606.0
Malakas,3,14.1,135.7,985,28,2022041104,2022-04-11T04,301.04663,99397.31
Malakas,3,14.7,135.6,980,30,2022041110,2022-04-11T10,301.0017,99198.44
Malakas,4,15.3,135.1,975,33,2022041116,2022-04-11T16,300.87866,99081.625
Malakas,4,15.8,135.1,965,38,2022041122,2022-04-11T22,300.61914,98456.19
Malakas,4,16.1,135.4,955,42,2022041204,2022-04-12T04,300.83984,98323.375
Malakas,4,16.7,135.9,955,42,2022041210,2022-04-12T10,300.82227,98489.69
Malakas,5,17.3,136.4,945,48,2022041216,2022-04-12T16,300.60352,98545.69
Malakas,5,17.8,137.0,945,48,2022041222,2022-04-12T22,300.35205,98298.19
Malakas,5,18.8,137.6,945,48,2022041304,2022-04-13T04,300.00732,98515.44
Malakas,6,19.7,137.5,940,52,2022041310,2022-04-13T10,299.95947,98422.31
Malakas,6,20.6,138.0,940,52,2022041316,2022-04-13T16,299.28467,97938.06
Malakas,5,21.6,138.5,950,45,2022041322,2022-04-13T22,298.6577,98496.56
Malakas,5,22.7,139.2,955,42,2022041404,2022-04-14T04,298.80127,98782.69
Malakas,4,24.3,140.3,960,38,2022041410,2022-04-14T10,298.67236,99346.94
Malakas,4,26.3,140.9,965,33,2022041416,2022-04-14T16,296.10303,99584.06
Malakas,3,28.1,141.9,970,28,2022041422,2022-04-14T22,293.79712,99471.625
Malakas,3,30.1,143.9,975,25,2022041504,2022-04-15T04,293.15747,99544.94
Malakas,3,32.3,146.8,975,25,2022041510,2022-04-15T10,291.56665,100028.5
Malakas,9,34.8,149.4,978,23,2022041516,2022-04-15T16,291.26587,100116.75
Malakas,9,38.1,152.2,978,23,2022041522,2022-04-15T22,288.07397,100205.25
Malakas,9,41.9,155.7,978,23,2022041604,2022-04-16T04,281.67847,99980.44
Malakas,9,44.4,158.1,970,20,2022041610,2022-04-16T10,275.35327,99356.31
Malakas,9,46.8,161.0,970,20,2022041616,2022-04-16T16,275.5017,98778.94
Malakas,9,49.1,166.0,970,20,2022041622,2022-04-16T22,275.98096,98624.0
Malakas,9,51.2,171.6,970,20,2022041704,2022-04-17T04,277.10107,98687.06
Malakas,9,53.1,178.4,970,20,2022041710,2022-04-17T10,276.396,98783.125
Malakas,9,53.4,184.8,972,18,2022041716,2022-04-17T16,276.13037,98437.94
Kathy,2,5.6,147.7,1000,20,1976012716,1976-01-27T16,301.3794,100480.69
Kathy,2,6.2,146.6,989,20,1976012722,1976-01-27T22,301.6316,100589.5
Kathy,2,6.6,145.2,995,20,1976012804,1976-01-28T04,301.9353,100617.56
Kathy,2,6.8,144.2,995,20,1976012810,1976-01-28T10,301.68433,100590.19
Kathy,2,6.8,143.6,997,20,1976012816,1976-01-28T16,301.6482,100475.75
Kathy,3,6.9,143.0,997,25,1976012822,1976-01-28T22,301.60107,100533.625
Kathy,3,7.8,141.5,990,25,1976012904,1976-01-29T04,301.7505,100496.53
Kathy,3,9.3,140.1,985,30,1976012910,1976-01-29T10,302.15283,100414.06
Kathy,4,10.2,139.5,980,35,1976012916,1976-01-29T16,301.55615,100472.56
Kathy,4,11.0,138.6,975,40,1976012922,1976-01-29T22,301.61768,100470.125
Kathy,4,12.2,138.3,971,40,1976013004,1976-01-30T04,301.06592,100265.31
Kathy,4,13.5,138.2,971,40,1976013010,1976-01-30T10,300.96045,100370.69
Kathy,5,14.6,138.4,971,45,1976013016,1976-01-30T16,300.72607,100328.5
Kathy,5,15.6,138.7,971,50,1976013022,1976-01-30T22,300.2312,100341.0
Kathy,5,16.6,139.8,975,45,1976013104,1976-01-31T04,300.26245,100215.625
Kathy,5,17.4,141.1,985,45,1976013110,1976-01-31T10,300.18823,100336.56
Kathy,4,17.9,142.5,990,40,1976013116,1976-01-31T16,300.0349,100568.25
Kathy,4,18.6,144.3,995,35,1976013122,1976-01-31T22,299.46558,100602.25
Kathy,4,19.6,146.0,995,35,1976020104,1976-02-01T04,298.60522,100487.06
Kathy,3,20.7,148.2,995,30,1976020110,1976-02-01T10,298.46558,100898.0
Kathy,3,21.7,150.9,995,25,1976020116,1976-02-01T16,298.0271,100950.19
Kathy,2,22.2,153.6,995,20,1976020122,1976-02-01T22,297.85547,101206.16
Kathy,2,22.6,157.0,997,20,1976020204,1976-02-02T04,297.50586,101030.78
Kathy,1,22.6,160.0,1000,15,1976020210,1976-02-02T10,298.18066,101208.25
HANNAH,1,8.5,136.5,1004,15,1997012004,1997-01-20T04,300.562,100576.16
HANNAH,1,8.5,135.5,1004,15,1997012010,1997-01-20T10,300.85596,100637.11
HANNAH,1,8.8,133.0,1004,15,1997012016,1997-01-20T16,300.8706,100696.02
HANNAH,1,9.2,132.6,1004,15,1997012022,1997-01-20T22,300.67163,100732.38
HANNAH,1,9.8,132.4,1000,15,1997012104,1997-01-21T04,300.5056,100598.13
HANNAH,1,10.5,132.2,1000,15,1997012110,1997-01-21T10,300.32495,100608.49
HANNAH,1,11.3,132.3,1000,15,1997012116,1997-01-21T16,300.29663,100562.54
HANNAH,1,11.3,133.0,1002,15,1997012122,1997-01-21T22,300.57788,100451.13
HANNAH,1,11.2,133.2,1002,15,1997012204,1997-01-22T04,300.6521,100300.92
Ruby,2,8.9,140.6,1000,20,1959022610,1959-02-26T10,300.8662,100752.836
Ruby,3,8.7,139.5,998,25,1959022616,1959-02-26T16,300.76562,100730.58
Ruby,3,8.5,138.7,995,25,1959022622,1959-02-26T22,301.16504,100692.3
Ruby,3,8.4,137.8,995,25,1959022704,1959-02-27T04,300.78906,100612.266
Ruby,3,8.3,137.0,995,25,1959022710,1959-02-27T10,300.77246,100648.28
Ruby,3,8.2,136.1,995,25,1959022716,1959-02-27T16,300.8086,100650.41
Ruby,3,8.7,134.8,995,25,1959022722,1959-02-27T22,300.7937,100740.14
Ruby,3,8.7,133.5,997,25,1959022804,1959-02-28T04,300.7273,100737.64
Ruby,2,8.3,132.3,999,20,1959022810,1959-02-28T10,300.65796,100719.19
Ruby,1,7.7,131.2,1002,15,1959022816,1959-02-28T16,300.5642,100661.9
Ruby,1,7.1,130.1,1004,15,1959022822,1959-02-28T22,300.56982,100713.6
Ruby,0,6.7,129.0,1005,0,1959030104,1959-03-01T04,300.72803,100716.48
Freda,1,6.0,168.0,1004,12,1981031116,1981-03-11T16,301.09912,100485.53
Freda,1,6.6,167.4,1004,15,1981031122,1981-03-11T22,301.27783,100556.25
Freda,1,7.0,166.8,1000,15,1981031204,1981-03-12T04,301.1245,100280.69
Freda,2,7.5,166.0,994,20,1981031210,1981-03-12T10,300.9917,100483.81
Freda,2,8.2,165.2,992,20,1981031216,1981-03-12T16,300.95166,100150.125
Freda,2,9.0,164.3,992,20,1981031222,1981-03-12T22,300.74658,100505.56
Freda,2,9.9,163.4,990,20,1981031304,1981-03-13T04,300.52295,100110.56
Freda,3,10.6,162.6,987,25,1981031310,1981-03-13T10,300.24854,100266.75
Freda,3,11.5,162.0,980,30,1981031316,1981-03-13T16,299.93896,99957.875
Freda,3,12.7,161.3,979,30,1981031322,1981-03-13T22,299.81396,100032.75
Freda,3,14.2,161.1,975,30,1981031404,1981-03-14T04,299.646,100169.19
Freda,4,14.6,161.6,970,35,1981031410,1981-03-14T10,299.6001,99826.81
Freda,4,15.5,161.9,960,40,1981031416,1981-03-14T16,299.35986,99813.06
Freda,5,16.9,162.9,947,50,1981031422,1981-03-14T22,299.16748,99987.0
Freda,5,18.1,163.9,945,50,1981031504,1981-03-15T04,298.90186,99874.25
Freda,5,19.1,165.0,944,50,1981031510,1981-03-15T10,298.8169,100073.875
Freda,5,20.0,166.0,945,50,1981031516,1981-03-15T16,298.5952,99909.19
Freda,5,21.0,167.2,950,45,1981031522,1981-03-15T22,298.38818,100017.56
Freda,5,21.9,168.3,955,45,1981031604,1981-03-16T04,297.93018,99912.75
Freda,4,23.0,169.4,960,40,1981031610,1981-03-16T10,297.45264,100306.69
Freda,4,24.0,170.5,966,35,1981031616,1981-03-16T16,297.1411,100159.375
Freda,3,25.2,171.7,975,30,1981031622,1981-03-16T22,295.96338,100344.06
Freda,3,27.1,173.3,982,25,1981031704,1981-03-17T04,293.7505,100317.875
Freda,3,28.0,174.6,980,25,1981031710,1981-03-17T10,292.36963,100558.69
Freda,3,29.0,176.0,985,25,1981031716,1981-03-17T16,291.2212,100410.94
Freda,2,31.6,181.0,990,20,1981031722,1981-03-17T22,288.90186,100989.81
Phyllis,1,7.0,177.3,1000,15,1969011522,1969-01-15T22,301.76562,100909.81
Phyllis,2,7.5,175.9,995,20,1969011604,1969-01-16T04,301.51465,100656.25
Phyllis,3,7.9,174.3,990,25,1969011610,1969-01-16T10,301.3662,100865.94
Phyllis,3,8.3,172.7,985,30,1969011616,1969-01-16T16,301.10645,100747.625
Phyllis,4,8.6,171.0,978,35,1969011622,1969-01-16T22,300.96484,100966.375
Phyllis,4,8.8,169.2,978,35,1969011704,1969-01-17T04,301.0166,100783.75
Phyllis,4,9.0,167.4,977,35,1969011710,1969-01-17T10,300.88574,101013.19
Phyllis,4,9.2,165.8,975,40,1969011716,1969-01-17T16,301.07715,100757.25
Phyllis,5,9.6,164.0,972,45,1969011722,1969-01-17T22,301.06982,100946.81
Phyllis,5,10.3,162.2,970,45,1969011804,1969-01-18T04,301.14697,100741.875
Phyllis,5,10.8,160.5,967,45,1969011810,1969-01-18T10,300.89014,100879.875
Phyllis,5,11.2,159.1,968,45,1969011816,1969-01-18T16,300.81885,100647.94
Phyllis,5,11.4,157.9,968,45,1969011822,1969-01-18T22,300.62817,100792.875
Phyllis,5,11.8,156.4,968,45,1969011904,1969-01-19T04,300.59692,100438.56
Phyllis,5,12.4,154.8,968,45,1969011910,1969-01-19T10,300.3479,100817.625
Phyllis,5,12.7,153.3,968,45,1969011916,1969-01-19T16,300.29028,100566.56
Phyllis,5,13.3,152.3,970,45,1969011922,1969-01-19T22,300.3103,100747.69
Phyllis,4,13.8,151.2,976,40,1969012004,1969-01-20T04,300.281,100713.56
Phyllis,4,14.0,150.3,977,40,1969012010,1969-01-20T10,300.1892,101000.44
Phyllis,4,13.7,149.8,980,35,1969012016,1969-01-20T16,300.32007,100765.69
Phyllis,4,14.0,149.6,980,35,1969012022,1969-01-20T22,300.34937,101050.0
Phyllis,3,13.8,150.0,984,30,1969012104,1969-01-21T04,300.3777,100818.0
Phyllis,3,13.0,148.5,990,25,1969012110,1969-01-21T10,300.67554,100926.69
Phyllis,2,13.4,146.3,995,20,1969012116,1969-01-21T16,300.614,100843.56
Phyllis,2,13.6,144.6,997,20,1969012122,1969-01-21T22,300.54395,100866.875
Phyllis,1,13.7,142.3,1000,15,1969012204,1969-01-22T04,300.6211,100787.94
Phyllis,1,13.4,140.6,1000,15,1969012210,1969-01-22T10,300.75684,100963.94
Phyllis,1,12.8,139.0,1000,15,1969012216,1969-01-22T16,300.7041,100899.625
Phyllis,1,12.1,137.3,1000,15,1969012222,1969-01-22T22,300.7041,100962.25
Phyllis,1,11.7,135.9,1000,15,1969012304,1969-01-23T04,300.75684,100857.0
Phyllis,1,11.4,134.3,1002,12,1969012310,1969-01-23T10,300.98633,100885.31
Phyllis,0,11.3,132.5,1006,0,1969012316,1969-01-23T16,300.95312,100930.31
Phyllis,0,11.3,130.8,1006,0,1969012322,1969-01-23T22,300.98535,100922.75
Phyllis,0,11.4,128.8,1006,0,1969012404,1969-01-24T04,300.96582,100900.94
Phyllis,0,11.5,127.0,1006,0,1969012410,1969-01-24T10,300.7744,100869.69
Alice,1,2.0,174.0,1002,15,1978123022,1978-12-30T22,302.7317,100466.875
Alice,1,2.1,172.6,1000,15,1978123104,1978-12-31T04,302.6184,100222.28
Alice,1,2.3,171.6,1000,15,1978123110,1978-12-31T10,302.71997,100433.94
Alice,2,3.0,171.0,998,20,1978123116,1978-12-31T16,302.52075,100180.0
Alice,2,3.7,170.1,995,20,1978123122,1978-12-31T22,302.5432,100362.78
Alice,2,4.4,169.6,995,20,1979010104,1979-01-01T04,302.36963,100120.375
Alice,3,5.0,169.1,990,25,1979010110,1979-01-01T10,302.36865,100457.625
Alice,3,5.3,168.7,986,25,1979010116,1979-01-01T16,302.3589,100155.31
Alice,3,5.6,168.0,986,25,1979010122,1979-01-01T22,301.9834,100237.69
Alice,3,6.1,167.7,986,25,1979010204,1979-01-02T04,301.9922,99964.81
Alice,3,6.6,168.0,986,25,1979010210,1979-01-02T10,302.10742,100166.66
Alice,3,7.3,168.3,984,25,1979010216,1979-01-02T16,301.93457,99917.31
Alice,3,8.0,168.0,984,25,1979010222,1979-01-02T22,301.59302,100079.19
Alice,3,8.5,168.2,984,25,1979010304,1979-01-03T04,301.40356,99804.06
Alice,3,9.0,168.3,984,25,1979010310,1979-01-03T10,301.21704,99997.78
Alice,3,9.2,167.9,982,25,1979010316,1979-01-03T16,301.13403,99719.875
Alice,3,9.3,167.3,982,30,1979010322,1979-01-03T22,301.24487,99670.69
Alice,3,9.3,166.7,980,30,1979010404,1979-01-04T04,301.33765,99551.31
Alice,3,9.5,165.9,980,30,1979010410,1979-01-04T10,301.3474,99790.69
Alice,3,9.6,165.1,975,30,1979010416,1979-01-04T16,301.41772,99732.28
Alice,3,9.7,164.2,975,30,1979010422,1979-01-04T22,301.3203,100060.875
Alice,3,9.8,163.4,969,30,1979010504,1979-01-05T04,301.23633,99778.56
Alice,3,10.4,162.6,967,30,1979010510,1979-01-05T10,301.09863,100091.0
Alice,3,11.2,161.6,964,30,1979010516,1979-01-05T16,300.81934,100002.625
Alice,4,12.0,160.4,962,35,1979010522,1979-01-05T22,300.97925,100278.78
Alice,4,12.1,159.5,961,35,1979010604,1979-01-06T04,301.06226,99850.19
Alice,4,12.2,158.5,958,35,1979010610,1979-01-06T10,301.10034,100088.09
Alice,4,12.3,157.6,950,40,1979010616,1979-01-06T16,301.06226,99950.69
Alice,4,12.4,156.5,948,40,1979010622,1979-01-06T22,300.92163,100332.81
Alice,5,12.5,155.3,940,45,1979010704,1979-01-07T04,301.1599,100230.81
Alice,5,12.2,154.0,928,50,1979010710,1979-01-07T10,301.05933,100417.81
Alice,5,12.1,152.9,930,50,1979010716,1979-01-07T16,301.1443,100291.69
Alice,5,12.0,151.5,935,50,1979010722,1979-01-07T22,301.1775,100489.72
Alice,5,12.0,150.3,945,45,1979010804,1979-01-08T04,301.30835,100317.81
Alice,5,11.9,149.0,957,45,1979010810,1979-01-08T10,301.34937,100567.16
Alice,5,11.9,147.8,960,45,1979010816,1979-01-08T16,301.42358,100529.94
Alice,4,12.1,146.7,965,40,1979010822,1979-01-08T22,301.39624,100391.19
Alice,4,12.1,145.3,970,40,1979010904,1979-01-09T04,301.60034,100343.0
Alice,4,11.9,144.2,970,40,1979010910,1979-01-09T10,301.91772,100479.0
Alice,4,12.0,142.8,970,40,1979010916,1979-01-09T16,301.7693,100423.94
Alice,4,12.2,141.5,965,40,1979010922,1979-01-09T22,301.35132,100574.25
Alice,4,12.3,140.3,960,40,1979011004,1979-01-10T04,301.56714,100450.94
Alice,4,12.4,139.1,950,40,1979011010,1979-01-10T10,301.33374,100599.125
Alice,5,12.5,138.7,945,45,1979011016,1979-01-10T16,301.32788,100420.59
Alice,5,12.7,138.1,941,45,1979011022,1979-01-10T22,301.4265,100488.19
Alice,5,13.0,137.6,938,45,1979011104,1979-01-11T04,301.51636,100460.19
Alice,5,13.5,137.2,940,45,1979011110,1979-01-11T10,301.4099,100458.25
Alice,5,13.8,137.1,945,45,1979011116,1979-01-11T16,301.29956,100516.91
Alice,5,14.2,136.8,950,45,1979011122,1979-01-11T22,301.10718,100496.53
Alice,4,14.6,136.6,960,40,1979011204,1979-01-12T04,301.03394,100465.56
Alice,4,15.1,136.6,965,40,1979011210,1979-01-12T10,300.83472,100530.81
Alice,4,15.5,136.8,970,35,1979011216,1979-01-12T16,300.5437,100592.06
Alice,4,15.9,136.9,980,35,1979011222,1979-01-12T22,300.26318,100616.44
Alice,3,16.1,137.1,985,30,1979011304,1979-01-13T04,300.26318,100651.19
Alice,3,16.5,137.5,985,30,1979011310,1979-01-13T10,300.07275,100722.84
Alice,3,17.0,137.0,985,25,1979011316,1979-01-13T16,299.87158,100965.36
Alice,3,16.8,135.8,985,25,1979011322,1979-01-13T22,299.91943,100960.97
Alice,2,17.0,135.1,990,20,1979011404,1979-01-14T04,299.8706,101083.06
Alice,1,17.3,134.3,994,15,1979011410,1979-01-14T10,299.7378,101152.56
Alice,1,17.3,133.3,998,12,1979011416,1979-01-14T16,299.62646,101289.95
Alice,0,17.2,132.3,998,10,1979011422,1979-01-14T22,299.52417,101252.75
Lingling,1,9.8,127.9,1006,13,2014011622,2014-01-16T22,301.11353,100201.75
Lingling,1,9.7,127.6,1006,13,2014011704,2014-01-17T04,300.98657,100199.31
Lingling,1,9.6,127.4,1006,13,2014011710,2014-01-17T10,300.97876,100252.56
Lingling,1,9.4,127.5,1002,15,2014011716,2014-01-17T16,300.97876,100265.56
Lingling,2,9.1,127.8,1000,18,2014011722,2014-01-17T22,301.2119,100559.25
Lingling,2,8.6,128.0,1000,18,2014011804,2014-01-18T04,301.3291,100694.06
Lingling,2,8.0,128.1,1000,18,2014011810,2014-01-18T10,301.375,100722.56
Lingling,2,7.5,128.1,1000,18,2014011816,2014-01-18T16,301.4375,100866.625
Lingling,1,7.2,128.1,1002,15,2014011822,2014-01-18T22,301.3662,100831.75
Lingling,1,6.9,128.1,1006,13,2014011904,2014-01-19T04,301.36816,100787.75
Omais,1,7.9,142.6,1004,15,2010032122,2010-03-21T22,301.58203,100393.81
Omais,1,8.4,141.8,1004,15,2010032204,2010-03-22T04,301.46973,99971.72
Omais,1,8.9,140.7,1002,15,2010032210,2010-03-22T10,301.57227,100165.34
Omais,1,9.5,139.6,1002,15,2010032216,2010-03-22T16,301.28125,100211.5
Omais,1,10.1,138.7,1002,15,2010032222,2010-03-22T22,301.39844,100185.81
Omais,1,10.6,137.4,1002,15,2010032304,2010-03-23T04,301.59375,100313.22
Omais,1,10.9,136.4,1002,15,2010032310,2010-03-23T10,301.81055,100495.125
Omais,1,11.6,135.5,1000,15,2010032316,2010-03-23T16,301.6787,100410.06
Omais,1,12.3,134.5,1000,15,2010032322,2010-03-23T22,300.5,100380.34
Omais,2,13.3,133.4,998,18,2010032404,2010-03-24T04,300.59668,100434.0
Omais,2,14.1,132.6,998,18,2010032410,2010-03-24T10,300.71484,100389.78
Omais,2,14.8,132.3,998,18,2010032416,2010-03-24T16,300.8047,100419.34
Omais,2,15.4,132.1,998,18,2010032422,2010-03-24T22,300.69238,100481.97
Omais,2,16.2,132.1,998,18,2010032504,2010-03-25T04,300.6123,100532.06
Omais,2,17.0,132.2,998,18,2010032510,2010-03-25T10,300.53027,100614.72
Omais,2,17.4,131.6,1000,18,2010032516,2010-03-25T16,300.52832,100569.516
Omais,1,17.6,131.8,1004,15,2010032522,2010-03-25T22,300.65723,100542.734
Omais,1,17.7,132.1,1006,13,2010032604,2010-03-26T04,300.62012,100433.59
Axel,1,5.2,178.5,1000,15,1992010422,1992-01-04T22,301.61987,99998.94
Axel,1,5.5,177.5,1000,15,1992010504,1992-01-05T04,301.53882,99716.625
Axel,1,5.8,176.5,998,15,1992010510,1992-01-05T10,301.55737,100048.72
Axel,2,6.1,176.1,995,20,1992010516,1992-01-05T16,301.39136,99590.97
Axel,2,6.2,175.1,995,20,1992010522,1992-01-05T22,301.0642,99852.94
Axel,2,6.2,174.4,995,20,1992010604,1992-01-06T04,301.0056,99412.94
Axel,2,6.2,173.0,990,20,1992010610,1992-01-06T10,300.82593,99838.31
Axel,2,6.1,172.2,990,20,1992010616,1992-01-06T16,300.86108,99778.0
Axel,3,5.8,170.7,985,25,1992010622,1992-01-06T22,300.5244,100270.69
Axel,3,5.6,169.5,985,25,1992010704,1992-01-07T04,300.64453,100157.625
Axel,3,5.6,168.8,985,25,1992010710,1992-01-07T10,300.63477,100505.19
Axel,3,5.8,168.5,980,30,1992010716,1992-01-07T16,300.47363,99823.56
Axel,3,5.8,167.7,980,30,1992010722,1992-01-07T22,300.33813,99781.0
Axel,3,6.2,166.0,980,30,1992010804,1992-01-08T04,300.49146,99793.81
Axel,3,6.5,163.9,980,30,1992010810,1992-01-08T10,300.40942,100388.47
Axel,3,6.8,162.3,980,30,1992010816,1992-01-08T16,300.49048,100347.41
Axel,3,7.0,160.5,980,30,1992010822,1992-01-08T22,300.3777,100478.72
Axel,3,7.2,159.2,980,30,1992010904,1992-01-09T04,300.3308,100304.09
Axel,3,7.2,157.3,980,30,1992010910,1992-01-09T10,300.46655,100517.75
Axel,3,7.3,155.8,985,25,1992010916,1992-01-09T16,300.1941,100435.22
Axel,3,8.2,154.7,985,25,1992010922,1992-01-09T22,300.36963,100689.56
Axel,2,8.5,153.7,990,20,1992011004,1992-01-10T04,300.3286,100458.59
Axel,2,8.9,152.9,995,20,1992011010,1992-01-10T10,300.32178,100581.44
Axel,2,9.6,152.4,995,20,1992011016,1992-01-10T16,300.39014,100386.03
Axel,2,9.6,151.4,995,20,1992011022,1992-01-10T22,300.448,100435.34
Axel,1,9.8,150.4,998,15,1992011104,1992-01-11T04,300.5105,100191.97
Axel,1,10.1,149.3,998,15,1992011110,1992-01-11T10,300.3562,100364.7
Axel,1,10.3,148.0,998,15,1992011116,1992-01-11T16,300.3474,100345.16
Axel,1,10.4,146.1,998,15,1992011122,1992-01-11T22,300.38257,100513.84
Axel,1,10.5,144.5,998,15,1992011204,1992-01-12T04,300.2185,100296.53
Axel,1,10.7,143.4,1000,15,1992011210,1992-01-12T10,300.34937,100400.0
Axel,1,11.3,143.2,1000,15,1992011216,1992-01-12T16,300.37866,100271.59
Axel,1,12.2,143.0,1000,15,1992011222,1992-01-12T22,300.09717,100563.44
Axel,1,13.2,142.5,1002,15,1992011304,1992-01-13T04,300.1411,100321.84
Axel,1,13.9,141.9,1002,15,1992011310,1992-01-13T10,299.87256,100491.41
Axel,1,14.2,140.8,1004,12,1992011316,1992-01-13T16,300.062,100295.875
Kulap,1,6.0,150.2,1004,15,2005011316,2005-01-13T16,302.81616,100405.875
Kulap,1,5.7,148.0,1002,15,2005011322,2005-01-13T22,302.49097,100529.78
Kulap,1,6.0,147.4,1000,15,2005011404,2005-01-14T04,302.5935,100318.75
Kulap,1,6.8,147.1,1000,15,2005011410,2005-01-14T10,302.71558,100447.34
Kulap,1,7.5,146.3,1000,15,2005011416,2005-01-14T16,302.4939,100331.84
Kulap,1,8.1,147.4,998,15,2005011422,2005-01-14T22,302.0349,100491.97
Kulap,2,9.5,147.4,995,18,2005011504,2005-01-15T04,301.57593,100266.16
Kulap,2,10.4,146.9,992,20,2005011510,2005-01-15T10,301.29858,100533.56
Kulap,2,11.5,146.6,992,20,2005011516,2005-01-15T16,301.11597,100441.06
Kulap,2,12.5,146.2,990,23,2005011522,2005-01-15T22,300.94116,100512.125
Kulap,2,13.1,145.9,990,23,2005011604,2005-01-16T04,300.81128,100242.94
Kulap,2,13.5,146.5,990,23,2005011610,2005-01-16T10,300.7107,100223.66
Kulap,2,14.2,147.7,990,23,2005011616,2005-01-16T16,300.51147,100105.72
Kulap,2,14.9,148.6,990,23,2005011622,2005-01-16T22,300.33862,100188.47
Kulap,2,15.7,149.6,990,23,2005011704,2005-01-17T04,300.30444,100077.41
Kulap,3,16.3,150.7,985,25,2005011710,2005-01-17T10,300.13354,100509.41
Kulap,3,16.7,151.6,985,25,2005011716,2005-01-17T16,299.97534,100324.22
Kulap,3,17.3,152.6,985,25,2005011722,2005-01-17T22,299.94897,100516.09
Kulap,3,17.6,153.2,985,25,2005011804,2005-01-18T04,299.9226,100306.91
Kulap,2,18.0,153.8,990,23,2005011810,2005-01-18T10,299.91284,100589.875
Kulap,2,18.4,154.4,1000,18,2005011816,2005-01-18T16,299.96558,100585.97
Kulap,1,18.7,155.1,1004,15,2005011822,2005-01-18T22,299.8152,100792.0
Kulap,1,18.9,155.8,1010,12,2005011904,2005-01-19T04,299.69604,100636.766
Orchid,1,7.2,149.1,1004,12,1987010816,1987-01-08T16,301.21826,100713.17
Orchid,1,7.6,147.8,1004,12,1987010822,1987-01-08T22,301.39697,100875.89
Orchid,1,8.0,146.3,1002,15,1987010904,1987-01-09T04,301.70557,100716.44
Orchid,2,8.5,144.8,995,20,1987010910,1987-01-09T10,301.5337,100830.47
Orchid,3,8.8,143.3,989,25,1987010916,1987-01-09T16,301.5298,100828.94
Orchid,3,9.2,142.0,986,25,1987010922,1987-01-09T22,301.1333,100982.41
Orchid,4,9.5,140.7,977,35,1987011004,1987-01-10T04,300.95752,100833.67
Orchid,4,9.8,139.3,968,40,1987011010,1987-01-10T10,300.89307,100841.14
Orchid,5,10.2,138.0,955,45,1987011016,1987-01-10T16,300.64795,100887.34
Orchid,5,10.4,136.9,955,45,1987011022,1987-01-10T22,300.5796,101011.55
Orchid,5,10.7,135.9,964,45,1987011104,1987-01-11T04,300.39014,100909.55
Orchid,4,10.9,134.9,970,40,1987011110,1987-01-11T10,300.38525,100722.22
Orchid,4,11.0,134.0,980,35,1987011116,1987-01-11T16,300.3286,100772.33
Orchid,4,11.3,133.3,975,35,1987011122,1987-01-11T22,299.9546,100710.67
Orchid,3,11.7,132.7,978,30,1987011204,1987-01-12T04,299.93408,100647.0
Orchid,3,11.8,132.1,985,30,1987011210,1987-01-12T10,300.00342,100577.39
Orchid,3,11.3,131.6,991,25,1987011216,1987-01-12T16,300.11475,100592.516
Orchid,3,10.5,131.4,991,25,1987011222,1987-01-12T22,300.04932,100435.3
Orchid,2,10.0,131.5,995,20,1987011304,1987-01-13T04,300.00244,100534.625
Orchid,2,9.5,131.8,995,20,1987011310,1987-01-13T10,300.1255,100608.11
Fran,0,5.5,128.6,1006,0,1962020204,1962-02-02T04,300.72705,100835.734
Fran,0,5.4,128.4,1006,0,1962020210,1962-02-02T10,300.72705,100736.75
Fran,1,5.5,128.5,1005,15,1962020216,1962-02-02T16,300.72705,100703.81
Fran,1,5.7,129.0,1005,15,1962020222,1962-02-02T22,300.6892,100762.78
Fran,1,5.9,129.4,1005,15,1962020304,1962-02-03T04,300.54272,100710.55
Fran,2,6.2,129.8,1005,20,1962020310,1962-02-03T10,300.41675,100779.05
Fran,3,6.5,130.0,1003,25,1962020316,1962-02-03T16,300.38354,100724.94
Fran,3,7.0,129.9,1000,25,1962020322,1962-02-03T22,300.51294,100613.3
Fran,3,7.4,129.7,1000,25,1962020404,1962-02-04T04,300.61255,100590.7
Fran,3,7.8,129.3,1000,25,1962020410,1962-02-04T10,300.5891,100669.375
Fran,2,8.2,128.7,1001,20,1962020416,1962-02-04T16,300.33716,100775.97
Fran,1,8.5,128.3,1003,15,1962020422,1962-02-04T22,300.11157,100872.3
Fran,1,8.9,128.2,1005,15,1962020504,1962-02-05T04,300.02075,101035.336
Fran,1,9.3,128.5,1008,15,1962020510,1962-02-05T10,300.1057,101019.06
Fran,1,9.6,128.9,1010,12,1962020516,1962-02-05T16,300.13892,101141.45