Storm Name,DateTime(BJT),Intensity Category,Latitude (°N),Longitude (°E),Pressure (hPa),Max Sustained Wind (m/s)
Vernon,1984060800,1,12.0,113.5,1003,12
Vernon,1984060806,1,12.5,112.9,1002,15
Vernon,1984060812,1,13.0,112.6,1002,15
Vernon,1984060818,1,13.5,112.4,999,15
Vernon,1984060900,1,14.0,112.3,999,15
Vernon,1984060906,2,14.3,112.1,998,20
Vernon,1984060912,2,14.8,111.9,994,20
Vernon,1984060918,2,15.2,111.2,994,20
Vernon,1984061000,2,15.5,109.8,995,20
Vernon,1984061006,2,16.1,108.9,996,20
Vernon,1984061012,2,17.0,107.5,998,20
Vernon,1984061018,1,16.7,106.5,1000,15
Vernon,1984061100,1,16.3,104.5,1000,12
Ophelia,1958010700,1,4.2,170.9,1000,15
Ophelia,1958010706,2,4.8,170.2,995,20
Ophelia,1958010712,3,5.3,169.3,990,25
Ophelia,1958010718,4,5.7,168.3,980,35
Ophelia,1958010800,6,6.2,167.1,960,55
Ophelia,1958010806,6,6.6,165.9,940,75
Ophelia,1958010812,6,7.0,164.8,944,75
Ophelia,1958010818,6,7.3,163.7,950,70
Ophelia,1958010900,6,7.4,162.6,955,65
Ophelia,1958010906,6,7.6,161.5,960,60
Ophelia,1958010912,6,7.4,160.1,962,60
Ophelia,1958010918,6,7.4,158.7,962,60
Ophelia,1958011000,6,7.3,157.4,963,60
Ophelia,1958011006,6,7.6,156.2,969,55
Ophelia,1958011012,6,7.8,154.7,972,55
Ophelia,1958011018,5,7.9,153.3,975,50
Ophelia,1958011100,5,7.9,152.0,982,45
Ophelia,1958011106,5,7.9,151.0,982,45
Ophelia,1958011112,5,7.9,149.8,982,45
Ophelia,1958011118,4,8.0,148.3,984,40
Ophelia,1958011200,5,8.1,146.9,980,45
Ophelia,1958011206,5,8.2,145.6,973,50
Ophelia,1958011212,5,8.3,144.2,967,50
Ophelia,1958011218,6,8.6,142.8,960,55
Ophelia,1958011300,6,9.0,141.7,955,60
Ophelia,1958011306,6,9.3,140.4,953,60
Ophelia,1958011312,6,9.6,139.2,948,65
Ophelia,1958011318,6,10.0,138.0,941,75
Ophelia,1958011400,6,10.3,137.2,940,75
Ophelia,1958011406,6,10.8,136.5,939,75
Ophelia,1958011412,6,11.1,136.0,944,70
Ophelia,1958011418,6,11.5,135.5,950,65
Ophelia,1958011500,6,11.9,135.2,955,60
Ophelia,1958011506,6,12.3,135.1,960,55
Ophelia,1958011512,5,12.5,135.0,968,50
Ophelia,1958011518,4,12.7,134.9,976,40
Ophelia,1958011600,4,12.8,135.0,984,35
Ophelia,1958011606,3,12.9,135.3,993,30
Ophelia,1958011612,3,12.4,134.3,995,25
Ophelia,1958011618,3,13.3,132.9,995,25
Ophelia,1958011700,2,14.5,132.7,1000,20
Ophelia,1958011706,2,15.2,133.1,1002,20
Ophelia,1958011712,1,16.0,133.6,1008,15
Ophelia,1958011718,0,16.8,134.2,1010,0
Ophelia,1958011800,0,17.5,135.0,1010,0
Irma,1953022006,2,8.3,153.2,1000,20
Irma,1953022012,2,9.3,151.9,1000,20
Irma,1953022018,2,9.9,150.3,1000,20
Irma,1953022100,3,10.3,148.5,990,30
Irma,1953022106,4,10.5,146.7,980,35
Irma,1953022112,4,11.2,145.5,980,40
Irma,1953022118,4,12.2,144.5,980,40
Irma,1953022200,4,12.8,143.5,980,40
Irma,1953022206,4,13.3,142.4,980,40
Irma,1953022212,4,13.6,141.4,980,40
Irma,1953022218,4,13.8,140.4,980,40
Irma,1953022300,5,14.1,139.4,975,50
Irma,1953022306,5,14.2,138.3,975,50
Irma,1953022312,5,14.2,136.9,980,45
Irma,1953022318,4,14.1,135.8,990,35
Irma,1953022400,4,13.9,134.8,990,35
Irma,1953022406,3,13.8,133.5,995,30
Irma,1953022412,3,13.8,132.0,995,30
Irma,1953022418,3,13.8,130.4,1000,25
Irma,1953022500,3,13.3,128.0,1000,25
Irma,1953022506,2,12.8,126.6,1006,20
Irma,1953022512,1,12.3,125.7,1012,12
Irma,1953022518,0,11.7,124.5,1012,0
Irma,1953022600,0,10.0,122.3,1012,0
Wanda,1974010900,0,8.0,132.2,1000,10
Wanda,1974010906,0,8.2,131.5,1000,10
Wanda,1974010912,1,8.6,130.9,998,15
Wanda,1974010918,2,9.2,130.5,996,20
Wanda,1974011000,3,9.9,130.9,996,25
Wanda,1974011006,3,10.5,131.8,992,30
Wanda,1974011012,3,11.2,132.6,993,30
Wanda,1974011018,3,11.8,133.1,994,25
Wanda,1974011100,2,12.3,133.7,995,20
Wanda,1974011106,2,12.7,134.7,996,20
Wanda,1974011112,1,13.1,135.9,997,15
Wanda,1974011118,1,13.3,136.9,998,15
Wanda,1974011200,1,13.7,137.9,999,15
Wanda,1974011206,2,14.3,138.9,995,20
Wanda,1974011212,2,14.6,140.1,993,20
Wanda,1974011218,2,14.7,141.3,995,20
Wanda,1974011300,1,14.8,142.8,998,15
Wanda,1974011306,1,15.0,144.6,1000,15
Wanda,1974011312,0,15.0,147.1,1002,10
Kujira,2009050112,1,12.8,124.0,1006,13
Kujira,2009050118,1,12.9,124.2,1004,13
Kujira,2009050200,1,13.0,124.3,1004,13
Kujira,2009050206,1,13.2,124.4,1002,15
Kujira,2009050212,1,13.4,124.5,1002,15
Kujira,2009050218,2,13.6,124.5,1000,18
Kujira,2009050300,2,13.9,124.6,996,20
Kujira,2009050306,2,14.1,125.0,990,23
Kujira,2009050312,3,14.5,125.7,990,25
Kujira,2009050318,3,15.0,126.5,985,28
Kujira,2009050400,3,15.7,127.4,980,30
Kujira,2009050406,4,16.4,128.4,975,33
Kujira,2009050412,4,16.8,129.6,960,40
Kujira,2009050418,5,17.1,131.1,950,45
Kujira,2009050500,4,17.6,132.7,960,40
Kujira,2009050506,4,18.3,134.0,960,40
Kujira,2009050512,4,18.8,135.4,960,40
Kujira,2009050518,4,19.5,136.9,960,40
Kujira,2009050600,4,20.4,138.2,960,40
Kujira,2009050606,4,21.6,139.9,960,40
Kujira,2009050612,4,22.7,141.3,965,38
Kujira,2009050618,4,24.2,142.9,975,33
Kujira,2009050700,3,26.0,143.8,985,28
Kujira,2009050706,2,28.2,145.1,990,23
Kujira,2009050712,9,30.2,147.3,995,18
Kujira,2009050718,9,32.3,149.3,998,18
Kujira,2009050800,9,34.4,150.9,1000,18
(nameless),2006030406,1,5.0,138.3,1000,15
(nameless),2006030412,1,5.5,138.0,1000,15
(nameless),2006030418,1,6.6,137.9,1000,15
(nameless),2006030500,1,6.9,137.7,1000,15
(nameless),2006030506,1,7.2,137.5,1000,15
(nameless),2006030512,1,7.5,137.5,1000,15
(nameless),2006030518,1,6.6,138.1,1002,12
(nameless),2006030600,1,5.2,137.3,1002,12
(nameless),2006030606,1,4.6,136.6,1002,12
(nameless),2006030612,1,4.4,135.6,1002,12
(nameless),2006030618,1,4.2,135.0,1002,12
(nameless),2006030700,1,4.1,134.4,1004,12
(nameless),1956011800,1,12.5,115.4,1004,12
(nameless),1956011806,1,13.5,116.0,1004,12
(nameless),1956011812,1,14.4,116.6,1002,12
(nameless),1956011818,1,15.2,116.9,1002,15
(nameless),1956011900,1,16.2,116.9,1002,15
(nameless),1956011906,1,17.3,117.3,1002,15
(nameless),1956011912,1,17.7,117.8,1004,12
(nameless),1956011918,1,18.0,118.6,1006,12
(nameless),1956012000,1,18.3,119.5,1006,12
(nameless),1956012006,0,18.5,120.5,1008,10
Yanyan,2003011506,1,6.9,163.1,1004,12
Yanyan,2003011512,1,7.6,161.2,1004,12
Yanyan,2003011518,1,8.2,159.7,1004,15
Yanyan,2003011600,1,8.7,158.2,1004,15
Yanyan,2003011606,1,9.4,156.7,1004,15
Yanyan,2003011612,1,10.2,154.3,1004,15
Yanyan,2003011618,1,11.0,152.8,1004,15
Yanyan,2003011700,1,11.7,150.9,1004,15
Yanyan,2003011706,1,12.4,149.5,1002,15
Yanyan,2003011712,1,12.9,148.6,1002,15
Yanyan,2003011718,1,13.2,147.8,1002,15
Yanyan,2003011800,1,13.6,146.8,1000,15
Yanyan,2003011806,2,14.1,146.6,998,18
Yanyan,2003011812,2,14.5,146.8,998,18
Yanyan,2003011818,2,14.7,147.3,995,18
Yanyan,2003011900,2,14.9,147.9,995,18
Yanyan,2003011906,2,15.2,148.8,995,18
Yanyan,2003011912,2,15.6,150.0,995,18
Yanyan,2003011918,2,16.2,151.3,995,18
Yanyan,2003012000,2,16.8,152.4,995,18
Yanyan,2003012006,2,17.2,153.7,995,18
Yanyan,2003012012,1,17.5,154.9,1000,15
Yanyan,2003012018,1,17.9,156.1,1004,12
Yanyan,2003012100,0,19.0,157.0,1006,10
(nameless),1963033006,0,8.1,145.0,1006,0
(nameless),1963033012,0,8.1,144.2,1006,0
(nameless),1963033018,0,8.1,143.5,1006,0
(nameless),1963033100,1,8.2,142.8,1004,12
(nameless),1963033106,1,8.4,141.7,1002,15
(nameless),1963033112,1,8.8,140.5,1002,15
(nameless),1963033118,1,9.3,139.2,1002,15
(nameless),1963040100,1,9.7,137.7,1002,15
(nameless),1963040106,1,9.6,136.2,1002,15
(nameless),1963040112,1,9.9,135.3,1002,15
(nameless),1963040118,1,10.4,135.0,1002,15
(nameless),1963040200,1,11.0,134.9,1002,15
(nameless),1963040206,1,11.8,135.4,1002,15
(nameless),1963040212,1,12.9,135.5,1002,15
(nameless),1963040218,1,14.2,135.3,1002,15
(nameless),1963040300,1,15.5,135.6,1002,15
(nameless),1963040306,1,16.4,135.9,1001,15
(nameless),1963040312,1,16.9,136.1,1002,15
(nameless),1963040318,1,17.3,136.0,1004,12
(nameless),1963040400,1,17.5,135.7,1004,12
(nameless),1963040406,1,17.5,135.2,1006,12
(nameless),1963040412,1,17.4,134.6,1006,12
(nameless),1963040418,1,17.1,134.1,1006,12
(nameless),1963040500,1,16.7,133.6,1006,12
(nameless),1963040506,1,16.5,133.1,1006,12
(nameless),1963040512,1,16.2,132.6,1006,12
(nameless),1963040518,1,15.9,131.9,1006,12
(nameless),1963040600,0,15.8,131.1,1008,10
(nameless),1963040606,0,15.8,129.8,1008,0
(nameless),1963040612,0,15.8,128.5,1008,0
(nameless),1963040618,0,15.9,127.1,1008,0
(nameless),1963040700,0,16.0,126.4,1008,0
(nameless),1963040706,0,16.5,126.0,1008,0
(nameless),1965011500,0,10.0,130.5,1008,0
(nameless),1965011506,0,9.5,129.9,1008,0
(nameless),1965011512,0,9.0,129.0,1006,0
(nameless),1965011518,0,9.0,128.0,1006,0
(nameless),1965011600,1,9.0,127.0,1006,12
(nameless),1965011606,1,9.1,126.0,1003,15
(nameless),1965011612,0,9.5,124.8,1006,0
(nameless),1965011618,0,9.5,124.0,1006,0
(nameless),1965011700,0,9.3,123.0,1006,0
(nameless),1967010900,0,6.9,143.7,1002,0
(nameless),1967010906,0,7.0,143.0,1002,0
(nameless),1967010912,0,7.1,142.4,1004,0
(nameless),1967010918,0,7.3,141.6,1004,0
(nameless),1967011000,0,7.3,140.8,1004,0
(nameless),1967011006,0,7.2,140.0,1004,0
(nameless),1967011012,0,7.1,139.3,1004,0
(nameless),1967011018,0,7.0,138.4,1005,0
(nameless),1967011100,0,6.8,137.4,1005,0
(nameless),1967011106,0,6.7,136.6,1005,0
(nameless),1967011112,0,6.6,135.6,1005,0
(nameless),1967011118,0,6.6,134.6,1005,0
(nameless),1967011200,0,6.8,133.7,1005,0
(nameless),1967011206,0,7.1,132.9,1004,0
(nameless),1967011212,0,7.5,131.9,1004,0
(nameless),1967011218,1,8.1,131.0,1004,12
(nameless),1967011300,1,8.8,130.0,1004,15
(nameless),1967011306,1,9.5,129.2,1004,15
(nameless),1967011312,1,10.3,128.3,1004,15
(nameless),1967011318,1,11.0,127.7,1004,12
(nameless),1967011400,1,11.6,127.0,1004,12
(nameless),1967011406,1,12.0,126.0,1004,12
(nameless),1967011412,0,11.9,125.0,1006,0
(nameless),1967011418,0,11.5,124.0,1007,0
(nameless),1967011500,0,11.0,123.0,1008,0
Ivy,1960012806,1,6.3,134.9,1003,12
Ivy,1960012812,1,6.4,134.0,1002,12
Ivy,1960012818,1,6.5,133.1,1002,12
Ivy,1960012900,1,6.5,132.3,1002,12
Ivy,1960012906,1,6.5,131.6,1002,12
Ivy,1960012912,1,6.8,130.8,1002,12
Ivy,1960012918,1,7.3,130.4,1002,12
Ivy,1960013000,1,8.0,130.3,1002,12
Ivy,1960013006,1,8.5,130.2,1000,15
Ivy,1960013012,1,9.0,130.0,1000,15
Ivy,1960013018,1,9.4,129.6,1000,15
Ivy,1960013100,1,9.7,129.2,1000,15
Ivy,1960013106,1,9.9,128.5,1000,15
Ivy,1960013112,1,10.2,127.8,1000,15
Ivy,1960013118,1,10.8,127.6,1000,15
Ivy,1960020100,1,11.3,127.8,1000,15
Ivy,1960020106,1,11.5,128.4,1000,15
Ivy,1960020112,1,11.8,129.2,1000,15
Ivy,1960020118,1,11.9,130.1,1000,15
Ivy,1960020200,1,12.1,131.0,1002,15
Ivy,1960020206,1,12.7,132.2,1002,15
Ivy,1960020212,1,13.5,133.8,1002,15
Ivy,1960020218,1,14.0,136.6,1004,12
Ivy,1960020300,1,14.0,140.0,1006,12
Ivy,1960020306,0,14.7,143.7,1008,0
Ivy,1960020312,0,16.0,147.2,1010,0
Vongfong,2020050900,1,6.5,132.8,1004,13
Vongfong,2020050906,1,6.7,132.5,1004,13
Vongfong,2020050912,1,7.0,132.2,1004,13
Vongfong,2020050918,1,7.3,131.8,1002,15
Vongfong,2020051000,1,7.6,131.2,1002,15
Vongfong,2020051006,1,7.8,130.7,1002,15
Vongfong,2020051012,1,8.0,130.4,1002,15
Vongfong,2020051018,1,8.2,130.0,1002,15
Vongfong,2020051100,1,8.3,129.6,1002,15
Vongfong,2020051106,1,8.7,129.3,1002,15
Vongfong,2020051112,1,9.1,129.1,1002,15
Vongfong,2020051118,1,9.6,129.2,1002,15
Vongfong,2020051200,1,10.1,129.5,1002,15
Vongfong,2020051206,1,10.8,129.6,1002,15
Vongfong,2020051212,2,11.2,129.5,1000,18
Vongfong,2020051218,2,11.7,129.3,995,20
Vongfong,2020051300,3,11.9,128.9,990,25
Vongfong,2020051306,3,12.1,128.4,980,30
Vongfong,2020051312,4,12.2,127.8,970,38
Vongfong,2020051318,5,12.2,127.0,960,42
Vongfong,2020051400,5,12.1,126.2,955,45
Vongfong,2020051406,5,12.2,125.3,950,48
Vongfong,2020051412,4,12.4,124.5,965,40
Vongfong,2020051418,4,12.8,123.6,970,35
Vongfong,2020051500,4,13.2,122.8,970,35
Vongfong,2020051506,3,13.9,122.0,985,28
Vongfong,2020051512,3,15.0,121.2,990,25
Vongfong,2020051518,2,16.0,120.7,992,23
Vongfong,2020051600,2,16.8,120.2,995,20
Vongfong,2020051606,2,18.1,119.8,998,18
Vongfong,2020051612,1,18.9,119.5,1000,15
Vongfong,2020051618,1,19.8,119.6,1000,15
Vongfong,2020051700,1,20.6,120.1,1002,13
Vongfong,2020051706,1,21.4,121.1,1002,13
Vongfong,2020051712,1,21.8,122.1,1002,13
Vongfong,2020051718,1,22.2,123.1,1002,13
Vongfong,2020051800,1,22.6,124.6,1002,13
Nadine,1978010612,0,5.0,165.0,1004,0
Nadine,1978010618,0,5.8,164.7,1004,0
Nadine,1978010700,0,6.6,164.2,1002,0
Nadine,1978010706,0,7.1,163.9,1002,0
Nadine,1978010712,1,7.7,163.5,1000,12
Nadine,1978010718,1,8.2,162.7,1000,12
Nadine,1978010800,1,8.9,162.0,1000,12
Nadine,1978010806,1,9.5,162.1,996,15
Nadine,1978010812,1,9.8,162.5,996,15
Nadine,1978010818,1,10.2,162.7,996,15
Nadine,1978010900,1,10.3,162.3,996,15
Nadine,1978010906,1,10.2,161.8,996,15
Nadine,1978010912,1,10.0,161.3,996,15
Nadine,1978010918,1,10.2,160.9,996,15
Nadine,1978011000,1,10.9,161.1,996,15
Nadine,1978011006,2,11.7,161.1,992,20
Nadine,1978011012,2,12.6,160.5,990,20
Nadine,1978011018,3,13.7,160.2,985,25
Nadine,1978011100,3,14.5,160.4,985,25
Nadine,1978011106,3,15.3,161.1,980,25
Nadine,1978011112,3,15.9,161.9,980,25
Nadine,1978011118,3,16.5,163.1,976,30
Nadine,1978011200,3,17.1,164.7,975,30
Nadine,1978011206,3,18.0,166.5,973,30
Nadine,1978011212,3,19.0,168.7,973,30
Nadine,1978011218,3,20.2,171.0,972,30
Nadine,1978011300,3,21.2,173.0,975,25
Nadine,1978011306,2,22.8,177.0,980,20
Carmen,1949011300,0,5.7,139.9,1006,0
Carmen,1949011306,0,5.9,139.3,1006,0
Carmen,1949011312,0,6.3,138.7,1006,0
Carmen,1949011318,0,6.7,138.0,1006,0
Carmen,1949011400,0,7.2,137.3,1005,0
Carmen,1949011406,0,7.7,136.7,1005,0
Carmen,1949011412,0,8.2,136.0,1005,0
Carmen,1949011418,0,8.8,135.3,1005,0
Carmen,1949011500,1,9.6,134.8,1005,15
Carmen,1949011506,2,10.8,134.5,1002,20
Carmen,1949011512,3,11.6,134.5,1000,25
Carmen,1949011518,3,12.2,134.6,998,30
Carmen,1949011600,3,12.7,134.7,998,30
Carmen,1949011606,4,13.1,135.1,996,35
Carmen,1949011612,4,13.2,135.3,996,35
Carmen,1949011618,4,13.2,135.6,996,35
Carmen,1949011700,4,13.1,135.9,993,35
Carmen,1949011706,4,12.8,136.1,993,35
Carmen,1949011712,4,12.6,135.9,993,35
Carmen,1949011718,5,12.4,135.6,990,45
Carmen,1949011800,5,12.3,135.2,990,45
Carmen,1949011806,5,12.4,134.5,990,45
Carmen,1949011812,5,12.4,133.8,990,45
Carmen,1949011818,4,12.3,132.8,995,35
Carmen,1949011900,3,12.2,131.8,995,30
Carmen,1949011906,3,12.1,130.9,995,30
Carmen,1949011912,2,11.9,129.9,1000,20
Carmen,1949011918,2,11.7,129.1,1000,20
Carmen,1949012000,1,11.6,128.2,1002,15
Carmen,1949012006,1,11.4,127.4,1004,15
Carmen,1949012012,0,11.3,126.6,1006,0
Carmen,1949012018,0,11.2,125.7,1006,0
Carmen,1949012100,0,11.3,124.9,1008,0
Carmen,1949012106,0,11.4,124.3,1008,0
Carmen,1949012112,0,11.6,123.8,1008,0
Carmen,1949012118,0,11.7,123.3,1008,0
Carmen,1949012200,0,11.9,122.7,1008,0
Carmen,1949012206,0,12.0,122.2,1008,0
Carmen,1949012212,0,12.5,121.2,1008,0
Carmen,1949012218,0,13.3,120.0,1008,0
Carmen,1949012300,0,13.8,119.4,1008,0
Carmen,1949012306,0,14.3,119.1,1008,0
Carmen,1949012312,0,14.7,118.7,1008,0
Carmen,1949012318,0,15.2,118.4,1008,0
Carmen,1949012400,0,15.7,118.2,1008,0
Carmen,1949012406,0,16.1,117.9,1008,0
Carmen,1949012412,0,16.6,117.7,1008,0
Carmen,1949012418,0,17.1,117.4,1010,0
Carmen,1949012500,0,17.5,117.3,1012,0
Violet,1955010100,0,7.7,140.0,1004,10
Violet,1955010106,1,7.4,139.0,1000,15
Violet,1955010112,1,7.2,137.7,1000,15
Violet,1955010118,1,7.0,136.5,1000,15
Violet,1955010200,2,6.9,135.3,998,20
Violet,1955010206,3,6.8,134.5,998,25
Violet,1955010212,3,6.8,133.8,997,25
Violet,1955010218,3,6.8,132.8,997,25
Violet,1955010300,3,6.8,132.0,997,30
Violet,1955010306,3,6.8,131.5,997,30
Violet,1955010312,3,6.8,130.8,997,30
Violet,1955010318,3,6.9,130.4,996,30
Violet,1955010400,3,6.9,129.8,996,30
Violet,1955010406,4,6.9,128.0,995,35
Violet,1955010412,4,6.8,126.5,995,35
Violet,1955010418,3,6.8,125.0,995,30
Violet,1955010500,3,6.9,124.0,995,30
Violet,1955010506,3,7.1,123.1,995,30
Violet,1955010512,2,7.5,122.4,1000,20
Violet,1955010518,2,8.2,121.7,1000,20
Violet,1955010600,2,8.7,121.0,1000,20
Violet,1955010606,1,9.2,120.4,1006,15
Violet,1955010612,0,9.7,119.9,1006,10
Violet,1955010618,0,10.2,119.3,1008,10
Violet,1955010700,0,10.6,118.7,1008,0
Violet,1955010706,0,10.6,118.0,1008,0
Violet,1955010712,0,10.2,117.3,1008,0
Violet,1955010718,0,9.7,116.7,1008,0
Violet,1955010800,0,9.4,116.2,1008,0
Violet,1955010806,0,9.0,115.6,1008,0
Violet,1955010812,0,8.5,115.0,1008,0
Kit,1972010400,0,9.9,142.0,1006,0
Kit,1972010406,1,9.7,141.0,1002,15
Kit,1972010412,1,9.5,140.0,1000,15
Kit,1972010418,1,9.6,138.7,1000,15
Kit,1972010500,1,9.7,137.4,1000,15
Kit,1972010506,1,9.8,136.2,1000,15
Kit,1972010512,1,10.0,135.0,996,15
Kit,1972010518,1,10.1,133.9,996,15
Kit,1972010600,2,10.3,132.8,990,20
Kit,1972010606,2,10.7,132.0,985,20
Kit,1972010612,3,11.1,130.9,980,25
Kit,1972010618,3,11.3,129.6,960,30
Kit,1972010700,5,11.5,128.3,942,50
Kit,1972010706,5,11.6,127.2,933,50
Kit,1972010712,5,11.4,126.1,958,50
Kit,1972010718,4,10.9,125.4,970,40
Kit,1972010800,4,10.7,124.8,980,35
Kit,1972010806,4,10.9,124.4,980,35
Kit,1972010812,3,10.8,123.7,990,30
Kit,1972010818,2,10.8,122.3,995,20
Kit,1972010900,1,12.0,121.7,996,15
Kit,1972010906,1,13.2,122.8,996,15
Kit,1972010912,1,14.3,124.0,998,15
Kit,1972010918,1,15.2,124.7,1000,15
Kit,1972011000,1,15.9,125.3,1002,15
Kit,1972011006,1,16.2,126.0,1002,15
Kit,1972011012,1,16.3,127.1,1004,12
Kit,1972011018,1,16.1,128.1,1004,12
Kit,1972011100,1,15.9,129.1,1004,12
Kit,1972011106,1,15.5,130.0,1000,15
Kit,1972011112,1,15.3,130.8,1000,15
Kit,1972011118,1,15.0,131.4,1000,15
Kit,1972011200,1,14.7,132.0,1000,15
Kit,1972011206,1,14.3,132.6,1000,15
Kit,1972011212,1,13.8,133.1,1000,15
BOLAVEN,2017123018,1,9.6,135.1,1006,13
BOLAVEN,2017123100,1,9.6,134.1,1006,13
BOLAVEN,2017123106,1,9.5,133.2,1006,13
BOLAVEN,2017123112,1,9.2,132.2,1006,13
BOLAVEN,2017123118,1,8.9,131.0,1006,13
BOLAVEN,2018010100,1,8.8,129.8,1006,13
BOLAVEN,2018010106,1,8.9,128.3,1004,15
BOLAVEN,2018010112,1,9.4,126.5,1004,15
BOLAVEN,2018010118,1,9.4,124.5,1004,15
BOLAVEN,2018010200,1,9.3,122.5,1004,15
BOLAVEN,2018010206,1,9.3,120.8,1004,15
BOLAVEN,2018010212,1,9.6,119.2,1004,15
BOLAVEN,2018010218,1,9.9,117.4,1004,15
BOLAVEN,2018010300,2,10.4,116.0,1000,18
BOLAVEN,2018010306,2,10.9,114.8,1000,18
BOLAVEN,2018010312,2,11.2,113.3,1000,18
BOLAVEN,2018010318,2,11.6,112.2,1000,18
BOLAVEN,2018010400,1,12.3,111.0,1004,15
BOLAVEN,2018010406,0,12.2,109.9,1008,10
(nameless),2017041406,0,10.9,130.2,1010,10
(nameless),2017041412,0,10.7,129.0,1010,10
(nameless),2017041418,0,10.7,128.0,1010,10
(nameless),2017041500,1,10.9,127.2,1008,13
(nameless),2017041506,1,11.1,126.3,1008,13
(nameless),2017041512,1,11.4,125.4,1008,13
(nameless),2017041518,1,11.4,124.2,1008,13
(nameless),2017041600,0,11.4,123.1,1008,10
(nameless),2017041606,0,11.8,122.1,1008,10
(nameless),2017041612,0,12.2,121.1,1010,10
(nameless),2017041618,0,12.6,119.7,1010,10
(nameless),2017041700,0,13.2,118.0,1010,10
(nameless),2017041706,0,13.9,116.9,1010,10
(nameless),2017041712,0,14.4,116.4,1010,10
(nameless),2017041718,0,14.9,116.6,1010,10
(nameless),2017041800,1,15.3,116.9,1006,13
(nameless),2017041806,1,15.9,117.1,1006,13
(nameless),2017041812,1,16.4,117.5,1006,13
(nameless),2017041818,1,16.9,117.8,1006,13
(nameless),2017041900,1,17.5,118.0,1006,13
(nameless),2017041906,1,18.2,118.1,1008,13
(nameless),2017041912,1,19.2,118.6,1008,13
(nameless),2017041918,0,20.2,119.6,1010,10
(nameless),2017042000,0,20.8,120.8,1010,10
(nameless),2017042006,0,21.7,122.1,1010,10
Fabian,1985010500,1,9.5,132.0,1000,15
Fabian,1985010506,2,10.0,131.0,998,20
Fabian,1985010512,3,10.5,130.5,990,25
Fabian,1985010518,3,11.8,131.3,990,25
Fabian,1985010600,3,12.7,132.8,985,30
Fabian,1985010606,3,13.0,134.0,990,25
Fabian,1985010612,3,12.5,134.5,990,25
Fabian,1985010618,3,12.5,134.5,990,25
Fabian,1985010700,3,12.5,134.5,990,25
Fabian,1985010706,2,12.0,135.0,995,20
Fabian,1985010712,2,11.0,135.5,995,20
Fabian,1985010718,2,11.0,135.5,995,20
Fabian,1985010800,2,11.0,135.5,995,20
Fabian,1985010806,2,10.0,135.0,995,20
Fabian,1985010812,2,10.5,134.3,995,20
Fabian,1985010818,2,11.1,134.3,995,20
Fabian,1985010900,2,11.0,135.0,995,20
Fabian,1985010906,2,10.3,135.6,989,20
Fabian,1985010912,2,10.3,135.6,990,20
Fabian,1985010918,2,9.6,136.3,990,20
Fabian,1985011000,1,9.0,137.5,990,15
Fabian,1985011006,1,9.2,138.4,990,12
Fabian,1985011012,1,9.7,138.7,990,12
Fabian,1985011018,1,10.3,138.9,990,12
Fabian,1985011100,1,10.6,138.5,990,12
Fabian,1985011106,1,10.6,138.5,990,12
Fabian,1985011112,1,10.0,138.5,990,12
Fabian,1985011118,1,9.5,138.5,990,12
Fabian,1985011200,1,9.0,139.0,995,12
Fabian,1985011206,1,9.0,139.0,1000,12
Fabian,1985011212,0,8.5,139.2,1000,10
Fabian,1985011218,0,8.4,138.7,1000,10
Fabian,1985011300,0,8.6,137.9,1000,10
Fabian,1985011306,0,8.8,137.0,1002,10
Fabian,1985011312,0,8.5,136.6,1004,10
Fabian,1985011318,0,8.2,136.2,1004,10
Fabian,1985011400,0,8.0,135.6,1004,10
Fabian,1985011406,0,8.5,134.8,1004,10
Fabian,1985011412,0,9.2,135.4,1004,10
Fabian,1985011418,0,9.6,135.9,1004,10
Fabian,1985011500,0,9.8,136.5,1004,10
Fabian,1985011506,0,9.5,137.2,1006,9
IRIS,1999021606,1,11.5,132.9,1002,15
IRIS,1999021612,1,11.5,132.2,1002,15
IRIS,1999021618,1,11.5,132.0,1002,15
IRIS,1999021700,1,11.6,131.8,1002,15
IRIS,1999021706,1,11.8,131.5,1002,15
IRIS,1999021712,1,12.2,131.0,1002,15
IRIS,1999021718,1,12.6,130.1,1002,15
IRIS,1999021800,1,13.0,129.6,1002,15
IRIS,1999021806,1,13.2,129.0,1004,12
IRIS,1999021812,1,13.5,128.5,1004,12
Tapah,2002011006,1,9.2,134.0,1005,12
Tapah,2002011012,1,9.6,133.4,1005,12
Tapah,2002011018,1,9.9,132.5,1004,15
Tapah,2002011100,1,10.2,131.6,1004,15
Tapah,2002011106,1,10.8,131.0,1004,15
Tapah,2002011112,1,11.4,130.1,1002,15
Tapah,2002011118,1,11.7,129.1,1002,15
Tapah,2002011200,1,12.2,128.0,1002,15
Tapah,2002011206,2,12.9,126.7,998,18
Tapah,2002011212,2,13.9,125.5,995,20
Tapah,2002011218,2,14.5,124.6,995,20
Tapah,2002011300,2,15.1,123.9,998,18
Tapah,2002011306,2,15.5,123.1,998,18
Tapah,2002011312,1,16.2,122.4,1000,15
Tapah,2002011318,1,17.3,122.2,1002,15
Tapah,2002011400,1,19.0,122.1,1004,12
(nameless),1957010300,1,7.1,140.6,1000,15
(nameless),1957010306,1,7.2,139.3,995,15
(nameless),1957010312,2,7.4,138.0,995,20
(nameless),1957010318,2,7.7,136.4,995,20
(nameless),1957010400,2,8.3,135.1,995,20
(nameless),1957010406,2,8.2,134.0,995,20
(nameless),1957010412,2,7.7,132.7,995,20
(nameless),1957010418,2,7.7,131.3,995,20
(nameless),1957010500,1,8.0,129.5,995,15
(nameless),1957010506,1,8.6,128.6,995,15
(nameless),1957010512,1,9.4,127.9,995,15
(nameless),1957010518,1,10.1,127.0,995,15
(nameless),1957010600,1,10.5,125.9,998,15
(nameless),1957010606,0,10.6,124.6,1000,0
(nameless),1957010612,0,10.6,124.0,1002,0
(nameless),1957010618,0,10.7,123.4,1006,0
(nameless),1957010700,0,10.8,122.8,1008,0
Chuck,1995042718,1,5.2,166.2,1006,12
Chuck,1995042800,1,5.5,166.3,1004,15
Chuck,1995042806,1,6.5,166.5,1004,15
Chuck,1995042812,1,7.0,166.5,1002,15
Chuck,1995042818,1,7.3,166.2,1002,15
Chuck,1995042900,2,7.4,165.5,998,18
Chuck,1995042906,2,7.3,164.5,998,18
Chuck,1995042912,2,7.1,163.7,998,18
Chuck,1995042918,2,6.9,163.1,998,18
Chuck,1995043000,2,6.7,162.7,998,18
Chuck,1995043006,2,6.6,162.6,998,18
Chuck,1995043012,2,6.4,162.3,998,18
Chuck,1995043018,2,5.9,161.9,998,18
Chuck,1995050100,1,5.4,161.6,1002,15
Chuck,1995050106,1,5.9,161.9,1002,15
Chuck,1995050112,1,6.8,161.7,1004,12
Chuck,1995050118,1,7.8,161.3,1004,12
Chuck,1995050200,1,8.8,160.8,1004,12
Chuck,1995050206,1,9.6,160.1,1004,12
Chuck,1995050212,0,10.3,159.2,1006,10
Chuck,1995050218,0,11.0,158.2,1006,10
Chuck,1995050300,0,11.5,157.7,1006,10
Chuck,1995050306,0,11.8,157.1,1006,10
Chuck,1995050312,0,12.0,156.5,1006,10
Chuck,1995050318,0,12.2,155.9,1006,10
Chuck,1995050400,0,12.3,155.2,1008,10
Mamie,1982031406,0,7.0,152.0,1003,10
Mamie,1982031412,0,7.5,150.5,1003,10
Mamie,1982031418,0,7.5,149.0,1003,10
Mamie,1982031500,1,8.0,148.0,1003,12
Mamie,1982031506,1,7.9,147.7,1002,12
Mamie,1982031512,1,7.8,147.2,1002,12
Mamie,1982031518,1,7.5,146.5,1000,15
Mamie,1982031600,2,7.2,146.2,995,20
Mamie,1982031606,3,7.1,145.5,994,25
Mamie,1982031612,3,7.2,144.5,994,25
Mamie,1982031618,3,7.5,143.3,994,25
Mamie,1982031700,3,7.8,142.3,994,25
Mamie,1982031706,3,7.8,141.3,992,25
Mamie,1982031712,3,7.9,140.0,992,25
Mamie,1982031718,3,8.0,138.3,992,25
Mamie,1982031800,3,8.0,136.8,992,25
Mamie,1982031806,3,8.2,135.2,992,25
Mamie,1982031812,3,8.3,133.8,990,25
Mamie,1982031818,3,8.3,132.3,990,25
Mamie,1982031900,3,8.2,130.2,988,30
Mamie,1982031906,3,8.1,128.1,988,30
Mamie,1982031912,3,8.2,126.8,988,30
Mamie,1982031918,3,8.5,125.0,995,25
Mamie,1982032000,2,8.5,122.7,998,20
Mamie,1982032006,2,8.5,121.0,998,20
Mamie,1982032012,2,8.8,119.9,998,20
Mamie,1982032018,2,9.3,118.8,998,20
Mamie,1982032100,1,10.1,118.0,1000,15
Mamie,1982032106,1,11.0,117.0,1002,15
Mamie,1982032112,1,11.3,115.9,1004,15
Mamie,1982032118,1,11.5,115.0,1005,15
Mamie,1982032200,1,11.5,114.5,1005,15
Mamie,1982032206,1,11.6,114.1,1005,15
Mamie,1982032212,1,11.7,113.8,1006,15
Mamie,1982032218,1,11.8,113.5,1006,15
Mamie,1982032300,1,12.0,113.2,1006,15
Mamie,1982032306,1,12.2,112.5,1007,15
Mamie,1982032312,1,12.3,112.0,1007,15
Mamie,1982032318,1,12.5,111.6,1007,15
Mamie,1982032400,1,12.5,110.7,1008,12
Mamie,1982032406,1,12.5,110.0,1008,12
Mamie,1982032412,1,12.0,109.0,1008,12
(nameless),2008011306,1,13.0,118.1,1002,13
(nameless),2008011312,1,13.3,117.2,1000,15
(nameless),2008011318,1,13.3,116.0,1000,15
(nameless),2008011400,1,12.8,114.9,1000,15
(nameless),2008011406,1,12.4,113.7,1000,15
(nameless),2008011412,1,11.8,112.8,1000,15
(nameless),2008011418,1,11.0,112.1,1000,15
(nameless),2008011500,1,9.7,111.7,1002,13
(nameless),2008011506,1,9.0,111.3,1002,13
(nameless),2008011512,1,8.1,110.9,1002,13
(nameless),2008011518,1,7.7,110.3,1002,13
(nameless),2008011600,1,7.4,109.7,1002,13
(nameless),2008011606,0,7.1,109.0,1004,10
(nameless),2008011612,0,6.4,108.3,1004,10
Damrey,2000050500,1,9.6,136.0,1004,15
Damrey,2000050506,1,9.9,135.0,1004,15
Damrey,2000050512,1,10.2,134.4,1004,15
Damrey,2000050518,1,10.7,133.7,1002,15
Damrey,2000050600,1,11.1,133.0,1002,15
Damrey,2000050606,1,11.8,132.3,1002,15
Damrey,2000050612,1,12.5,132.1,1000,15
Damrey,2000050618,1,13.0,131.8,1000,15
Damrey,2000050700,2,13.2,131.6,995,20
Damrey,2000050706,3,13.4,131.3,985,25
Damrey,2000050712,3,13.7,131.2,980,28
Damrey,2000050718,3,13.8,131.3,980,30
Damrey,2000050800,4,14.0,131.5,975,33
Damrey,2000050806,4,14.3,132.0,970,35
Damrey,2000050812,4,14.6,132.4,970,35
Damrey,2000050818,4,15.1,133.0,965,40
Damrey,2000050900,5,15.6,133.5,955,45
Damrey,2000050906,5,16.4,134.4,945,50
Damrey,2000050912,5,17.3,135.3,940,50
Damrey,2000050918,5,18.7,136.0,935,50
Damrey,2000051000,5,19.5,136.8,935,50
Damrey,2000051006,5,20.8,137.8,945,45
Damrey,2000051012,4,22.2,138.8,955,40
Damrey,2000051018,4,23.0,139.5,955,40
Damrey,2000051100,4,23.7,139.9,965,35
Damrey,2000051106,3,25.1,141.1,975,30
Damrey,2000051112,3,26.0,142.0,980,28
Damrey,2000051118,3,26.9,143.5,980,25
Damrey,2000051200,2,27.7,145.9,990,20
Damrey,2000051206,2,28.3,147.9,995,18
Damrey,2000051212,9,28.4,149.5,998,15
Roy,1988010718,1,6.0,173.0,1000,15
Roy,1988010800,2,7.6,171.8,995,20
Roy,1988010806,2,7.9,170.8,995,20
Roy,1988010812,3,8.3,169.5,990,25
Roy,1988010818,3,8.4,168.0,985,25
Roy,1988010900,3,8.2,166.6,985,25
Roy,1988010906,3,8.3,165.3,985,25
Roy,1988010912,3,8.3,163.8,980,30
Roy,1988010918,3,8.4,162.2,980,30
Roy,1988011000,4,8.7,160.0,970,35
Roy,1988011006,5,9.3,157.5,955,45
Roy,1988011012,5,10.0,155.4,945,50
Roy,1988011018,5,10.8,153.4,945,50
Roy,1988011100,5,11.4,151.9,945,50
Roy,1988011106,5,11.8,150.4,950,50
Roy,1988011112,5,12.3,149.0,950,50
Roy,1988011118,5,12.8,147.8,950,50
Roy,1988011200,5,13.2,147.0,950,50
Roy,1988011206,5,14.0,145.7,945,50
Roy,1988011212,5,14.3,144.4,945,50
Roy,1988011218,5,14.8,143.3,945,50
Roy,1988011300,5,15.0,142.5,940,50
Roy,1988011306,5,15.3,141.7,940,50
Roy,1988011312,5,15.3,141.2,945,45
Roy,1988011318,5,14.7,140.3,945,45
Roy,1988011400,5,14.2,139.2,945,45
Roy,1988011406,4,13.5,137.6,950,40
Roy,1988011412,4,12.7,135.9,950,40
Roy,1988011418,4,12.3,134.1,950,40
Roy,1988011500,5,12.4,132.0,945,45
Roy,1988011506,5,12.7,129.7,945,45
Roy,1988011512,4,12.8,127.8,950,40
Roy,1988011518,4,12.9,126.1,950,40
Roy,1988011600,4,13.0,124.2,960,35
Roy,1988011606,4,13.3,123.0,970,35
Roy,1988011612,3,13.5,122.2,980,30
Roy,1988011618,3,13.6,121.3,985,25
Roy,1988011700,2,13.6,120.0,990,20
Roy,1988011706,2,13.6,117.9,990,20
Roy,1988011712,2,13.7,116.9,990,20
Roy,1988011718,2,13.6,115.9,995,20
Roy,1988011800,2,13.4,114.9,998,20
Roy,1988011806,1,13.3,114.0,1002,15
Winona,1989011718,1,16.7,156.7,1002,15
Winona,1989011800,1,16.9,154.3,1002,15
Winona,1989011806,1,16.7,152.0,1002,15
Winona,1989011812,1,16.3,150.2,1000,15
Winona,1989011818,1,16.0,148.2,1000,15
Winona,1989011900,1,15.5,145.6,1000,15
Winona,1989011906,2,15.2,143.4,995,20
Winona,1989011912,2,14.0,140.0,995,20
Winona,1989011918,2,13.4,137.0,995,20
Winona,1989012000,2,13.0,133.8,995,20
Winona,1989012006,1,13.6,132.1,1000,15
Winona,1989012012,1,14.0,130.4,1002,15
Winona,1989012018,1,13.5,128.5,1002,12
Winona,1989012100,1,13.0,127.0,1004,12
NICHOLE,1998070800,1,20.1,118.3,1004,12
NICHOLE,1998070806,1,20.8,118.8,1002,15
NICHOLE,1998070812,1,21.6,118.7,1002,15
NICHOLE,1998070818,1,22.1,118.6,1002,15
NICHOLE,1998070900,1,22.5,118.6,1002,15
NICHOLE,1998070906,2,22.8,119.0,998,18
NICHOLE,1998070912,2,22.9,119.5,998,18
NICHOLE,1998070918,2,23.0,120.3,998,18
NICHOLE,1998071000,2,23.9,119.8,998,18
NICHOLE,1998071006,1,24.2,119.3,1000,15
NICHOLE,1998071012,1,24.4,119.1,1000,15
NICHOLE,1998071018,1,24.5,118.7,1002,12
NICHOLE,1998071100,1,24.4,118.1,1002,12
Irma,1993030900,1,5.0,169.0,1006,12
Irma,1993030906,1,5.0,168.0,1004,12
Irma,1993030912,1,5.0,167.0,1002,15
Irma,1993030918,1,5.2,166.0,1002,15
Irma,1993031000,1,5.3,165.0,1002,15
Irma,1993031006,1,5.5,164.5,1002,15
Irma,1993031012,1,5.4,164.0,1002,15
Irma,1993031018,1,5.3,163.5,1002,15
Irma,1993031100,1,5.2,163.0,1002,15
Irma,1993031106,1,5.4,162.3,1000,15
Irma,1993031112,1,5.0,162.0,1000,15
Irma,1993031118,1,4.7,162.1,1000,15
Irma,1993031200,1,4.5,162.5,1000,15
Irma,1993031206,1,4.5,162.5,1000,15
Irma,1993031212,1,5.8,162.0,1000,15
Irma,1993031218,1,5.9,161.0,1000,15
Irma,1993031300,1,6.6,159.5,1000,15
Irma,1993031306,1,7.5,158.5,1000,15
Irma,1993031312,2,8.8,156.9,995,20
Irma,1993031318,2,10.0,155.8,995,20
Irma,1993031400,3,10.8,154.6,992,25
Irma,1993031406,3,11.7,153.2,990,25
Irma,1993031412,3,12.4,152.4,990,25
Irma,1993031418,3,12.9,151.7,990,25
Irma,1993031500,3,13.3,150.7,990,25
Irma,1993031506,3,13.6,150.0,990,25
Irma,1993031512,3,14.5,149.6,990,25
Irma,1993031518,3,15.4,149.6,990,25
Irma,1993031600,3,16.4,150.0,990,25
Irma,1993031606,3,16.8,150.8,990,25
Irma,1993031612,3,17.2,151.2,990,25
Irma,1993031618,3,17.6,151.6,990,25
Irma,1993031700,2,17.6,151.6,995,20
Irma,1993031706,2,17.6,151.6,998,20
Irma,1993031712,1,18.0,152.0,1000,15
Rita,1961011312,0,7.0,141.0,1005,0
Rita,1961011318,0,7.3,139.4,1002,0
Rita,1961011400,0,7.5,137.6,1002,0
Rita,1961011406,1,7.6,136.5,1000,15
Rita,1961011412,1,8.0,135.4,1000,15
Rita,1961011418,1,8.4,133.9,1000,15
Rita,1961011500,1,9.1,132.6,1002,15
Rita,1961011506,1,9.4,132.3,1002,15
Rita,1961011512,1,9.7,132.1,1000,15
Rita,1961011518,1,9.9,131.9,1000,15
Rita,1961011600,2,10.2,131.8,999,20
Rita,1961011606,2,10.6,131.8,996,20
Rita,1961011612,2,11.1,132.1,998,20
Rita,1961011618,2,11.5,132.5,998,20
Rita,1961011700,1,11.8,133.2,1000,15
Rita,1961011706,1,12.0,133.9,1000,15
Rita,1961011712,1,12.2,134.7,1002,15
Rita,1961011718,1,12.3,135.5,1002,15
Rita,1961011800,1,12.4,136.2,1002,15
Rita,1961011806,1,12.5,137.0,1000,15
Rita,1961011812,1,12.6,137.9,1000,15
Rita,1961011818,1,12.8,138.9,1002,15
Rita,1961011900,1,13.2,139.7,1002,15
Rita,1961011906,1,13.5,140.3,1002,15
Rita,1961011912,0,13.9,141.1,1004,10
Rita,1961011918,0,14.3,141.8,1004,10
Rita,1961012000,0,14.7,142.5,1004,10
Rita,1961012006,0,15.0,143.5,1004,10
Judy,1986013012,1,4.5,152.5,1002,15
Judy,1986013018,1,3.5,151.0,1002,15
Judy,1986013100,1,2.7,150.0,1002,15
Judy,1986013106,1,3.0,148.5,1000,15
Judy,1986013112,1,3.3,147.0,1000,15
Judy,1986013118,1,3.9,145.5,1000,15
Judy,1986020100,1,4.3,143.6,998,15
Judy,1986020106,2,4.5,142.0,998,20
Judy,1986020112,2,5.0,141.0,998,20
Judy,1986020118,2,5.5,139.0,996,20
Judy,1986020200,2,6.4,137.5,996,20
Judy,1986020206,2,7.8,136.2,994,20
Judy,1986020212,3,8.8,134.9,992,25
Judy,1986020218,3,9.7,133.2,990,25
Judy,1986020300,3,10.7,132.2,990,25
Judy,1986020306,3,11.4,131.7,983,30
Judy,1986020312,3,12.4,131.0,983,30
Judy,1986020318,3,13.5,130.8,980,30
Judy,1986020400,4,15.0,131.6,975,35
Judy,1986020406,4,16.1,132.3,975,35
Judy,1986020412,4,17.1,133.5,972,35
Judy,1986020418,4,18.0,135.2,970,35
Judy,1986020500,3,18.7,136.5,975,30
Judy,1986020506,3,18.7,138.0,980,25
Judy,1986020512,2,18.5,139.0,998,20
Judy,1986020518,1,18.8,140.2,1000,15
Judy,1986020600,1,18.7,141.8,1005,15
Sonamu,2013010100,0,4.3,140.8,1008,10
Sonamu,2013010106,0,4.5,139.0,1006,10
Sonamu,2013010112,0,5.0,136.8,1006,10
Sonamu,2013010118,1,5.8,134.5,1004,13
Sonamu,2013010200,1,6.4,132.2,1006,13
Sonamu,2013010206,1,7.3,130.0,1004,13
Sonamu,2013010212,1,7.7,128.1,1006,13
Sonamu,2013010218,1,8.1,126.3,1004,15
Sonamu,2013010300,1,8.6,123.5,1004,15
Sonamu,2013010306,1,8.9,121.3,1004,15
Sonamu,2013010312,2,8.8,119.5,1002,18
Sonamu,2013010318,2,8.7,117.9,1002,18
Sonamu,2013010400,2,8.6,116.7,1002,18
Sonamu,2013010406,2,8.5,115.2,1000,20
Sonamu,2013010412,2,8.3,114.1,998,20
Sonamu,2013010418,2,8.1,113.1,996,20
Sonamu,2013010500,2,8.0,112.1,992,23
Sonamu,2013010506,2,7.9,111.4,992,23
Sonamu,2013010512,2,7.7,110.8,992,23
Sonamu,2013010518,2,7.5,110.5,992,23
Sonamu,2013010600,2,7.4,110.1,992,23
Sonamu,2013010606,2,7.3,109.6,994,20
Sonamu,2013010612,2,7.3,109.1,998,20
Sonamu,2013010618,2,7.1,108.7,998,20
Sonamu,2013010700,2,6.7,108.3,998,20
Sonamu,2013010706,2,6.4,108.3,1000,18
Sonamu,2013010712,2,6.1,108.4,1000,18
Sonamu,2013010718,2,5.9,108.5,1002,18
Sonamu,2013010800,1,5.7,108.6,1004,15
Sonamu,2013010806,1,5.5,108.9,1006,15
Sonamu,2013010812,1,5.1,109.3,1006,15
Sonamu,2013010818,1,4.6,109.8,1008,13
Sonamu,2013010900,1,4.2,110.3,1008,13
Sonamu,2013010906,0,4.0,110.7,1010,10
Koryn,1990011206,1,7.0,152.5,1000,15
Koryn,1990011212,1,8.0,151.5,1000,15
Koryn,1990011218,1,8.5,150.5,998,15
Koryn,1990011300,1,9.0,149.5,998,15
Koryn,1990011306,2,9.7,148.2,995,20
Koryn,1990011312,2,11.2,146.6,995,20
Koryn,1990011318,2,12.7,145.5,995,20
Koryn,1990011400,3,13.3,145.4,990,25
Koryn,1990011406,3,14.0,145.5,985,25
Koryn,1990011412,3,14.5,145.5,980,30
Koryn,1990011418,4,15.0,145.6,970,35
Koryn,1990011500,4,15.5,145.8,970,35
Koryn,1990011506,3,16.2,146.1,980,30
Koryn,1990011512,3,16.6,146.2,980,30
Koryn,1990011518,3,17.1,146.2,985,25
Koryn,1990011600,3,17.8,146.2,985,25
Koryn,1990011606,3,19.4,146.4,990,25
Koryn,1990011612,3,21.2,146.9,990,25
Koryn,1990011618,2,22.8,148.3,995,20
Koryn,1990011700,2,24.0,151.0,995,20
Koryn,1990011706,2,26.0,154.5,995,20
Koryn,1990011712,1,29.5,160.0,995,15
(nameless),1968012006,0,6.2,138.0,1006,0
(nameless),1968012012,0,7.5,138.0,1002,0
(nameless),1968012018,0,8.3,137.5,1002,0
(nameless),1968012100,1,8.8,136.5,1002,12
(nameless),1968012106,1,9.2,135.6,1002,12
(nameless),1968012112,1,9.5,135.0,1002,12
(nameless),1968012118,1,9.8,134.2,1002,12
(nameless),1968012200,1,10.0,133.5,1002,12
(nameless),1968012206,1,10.3,132.7,1002,15
(nameless),1968012212,1,10.8,132.2,1002,15
(nameless),1968012218,1,11.2,132.1,1002,15
(nameless),1968012300,1,11.5,131.9,1004,15
(nameless),1968012306,1,11.9,131.7,1004,15
(nameless),1968012312,0,12.1,131.2,1006,0
(nameless),1968012318,0,11.7,131.0,1006,0
(nameless),1968012400,0,11.3,131.0,1006,0
(nameless),1968012406,0,10.9,131.1,1006,0
(nameless),1968012412,0,10.6,131.4,1006,0
(nameless),1968012418,0,10.4,131.6,1006,0
(nameless),1968012500,0,10.3,132.0,1008,0
(nameless),1968012506,0,10.8,132.8,1008,0
(nameless),1968012512,0,12.0,133.7,1008,0
(nameless),1968012518,0,13.5,135.0,1008,0
Georgia,1951031806,0,5.7,158.3,1002,10
Georgia,1951031812,1,6.0,159.4,1002,12
Georgia,1951031818,1,6.3,160.4,1000,15
Georgia,1951031900,1,6.7,161.5,1000,15
Georgia,1951031906,1,7.0,162.5,998,15
Georgia,1951031912,1,7.3,163.6,998,15
Georgia,1951031918,2,7.4,164.7,994,20
Georgia,1951032000,3,7.5,166.3,990,25
Georgia,1951032006,3,7.7,167.5,990,25
Georgia,1951032012,3,8.0,168.5,985,30
Georgia,1951032018,4,8.2,169.5,980,35
Georgia,1951032100,4,8.5,170.5,980,35
Georgia,1951032106,5,8.8,171.5,978,45
Georgia,1951032112,5,9.1,171.9,978,45
Georgia,1951032118,5,9.4,172.2,978,45
Georgia,1951032200,5,9.7,172.3,970,50
Georgia,1951032206,5,10.1,172.3,970,50
Georgia,1951032212,5,10.4,172.0,970,50
Georgia,1951032218,5,10.6,171.6,970,50
Georgia,1951032300,5,10.8,171.1,970,50
Georgia,1951032306,4,11.0,170.7,975,40
Georgia,1951032312,4,11.2,169.6,980,35
Georgia,1951032318,3,11.0,168.5,985,30
Georgia,1951032400,3,10.5,166.7,985,30
Georgia,1951032406,3,10.4,165.2,985,30
Georgia,1951032412,3,10.2,163.6,990,25
Georgia,1951032418,2,10.3,162.7,995,20
Georgia,1951032500,1,10.7,162.3,1000,15
Georgia,1951032506,1,11.3,161.8,1000,15
Georgia,1951032512,0,11.5,161.1,1004,0
Georgia,1951032518,0,11.4,160.3,1004,0
Georgia,1951032600,0,10.9,159.5,1006,0
Georgia,1951032606,0,10.4,158.7,1006,0
Georgia,1951032612,0,10.2,157.8,1006,0
Georgia,1951032618,0,10.0,156.8,1006,0
Georgia,1951032700,0,10.0,155.9,1006,0
Georgia,1951032706,0,10.0,155.0,1006,0
Tess,1964051300,0,11.5,134.2,1006,0
Tess,1964051306,0,11.7,133.8,1006,0
Tess,1964051312,0,11.8,133.4,1006,0
Tess,1964051318,0,12.0,133.0,1006,0
Tess,1964051400,0,12.1,132.7,1006,0
Tess,1964051406,1,12.2,132.2,1004,15
Tess,1964051412,1,12.5,132.0,1002,15
Tess,1964051418,1,12.7,131.9,1002,15
Tess,1964051500,2,12.9,131.9,1000,20
Tess,1964051506,2,13.0,131.6,999,20
Tess,1964051512,2,12.8,131.3,1000,20
Tess,1964051518,2,12.4,130.8,1000,20
Tess,1964051600,2,11.9,130.3,1000,20
Tess,1964051606,2,11.7,130.1,1000,20
Tess,1964051612,2,11.4,129.9,1000,20
Tess,1964051618,2,11.3,129.7,998,20
Tess,1964051700,1,11.6,129.6,998,15
Tess,1964051706,1,11.6,129.9,998,15
Tess,1964051712,1,12.0,130.6,998,15
Tess,1964051718,1,12.3,131.5,997,15
Tess,1964051800,2,12.6,132.5,996,20
Tess,1964051806,2,12.7,132.7,994,20
Tess,1964051812,2,12.7,133.4,992,20
Tess,1964051818,3,12.6,134.3,990,25
Tess,1964051900,3,12.5,135.5,988,30
Tess,1964051906,3,12.7,137.2,986,30
Tess,1964051912,4,13.4,139.0,984,35
Tess,1964051918,4,14.3,140.5,983,35
Tess,1964052000,4,15.4,142.0,981,40
Tess,1964052006,4,16.5,143.7,979,40
Tess,1964052012,4,17.0,145.6,976,40
Tess,1964052018,4,18.6,147.5,974,40
Tess,1964052100,5,20.6,149.1,973,45
Tess,1964052106,5,22.3,150.4,970,50
Tess,1964052112,5,23.7,151.8,966,50
Tess,1964052118,5,25.2,152.8,968,50
Tess,1964052200,5,26.6,153.0,970,45
Tess,1964052206,4,28.2,154.3,974,40
Tess,1964052212,4,29.5,155.5,974,35
Tess,1964052218,4,30.8,156.7,975,35
Tess,1964052300,3,31.9,157.8,980,30
Tess,1964052306,3,32.8,158.8,980,30
Tess,1964052312,3,33.5,159.9,980,30
Tess,1964052318,3,34.1,160.9,985,25
Tess,1964052400,9,34.9,162.1,990,25
Tess,1964052406,9,35.3,163.5,992,0
Tess,1964052412,9,35.6,164.8,996,0
Tess,1964052418,9,36.0,166.7,1000,0
Tess,1964052500,9,36.0,168.2,1000,0
Tess,1964052506,9,36.0,169.2,1002,0
Tess,1964052512,9,36.0,170.5,1004,0
Tess,1964052518,9,36.2,171.4,1008,0
Tess,1964052600,9,36.5,172.7,1008,0
Tess,1964052606,9,36.8,173.5,1010,0
Tess,1964052612,9,36.9,173.9,1012,0
Tess,1964052618,9,37.0,174.0,1012,0
Tess,1964052700,9,37.0,174.2,1014,0
Tess,1964052706,9,37.0,174.4,1014,0
Malakas,2022040700,1,3.9,148.5,1002,13
Malakas,2022040706,1,4.0,147.6,1002,13
Malakas,2022040712,1,4.2,147.0,1000,15
Malakas,2022040718,1,4.5,146.4,1000,15
Malakas,2022040800,2,5.0,146.2,998,18
Malakas,2022040806,2,5.6,145.8,998,18
Malakas,2022040812,2,6.2,145.2,998,18
Malakas,2022040818,2,6.6,144.7,995,20
Malakas,2022040900,2,7.0,144.2,995,20
Malakas,2022040906,2,7.4,143.6,995,20
Malakas,2022040912,2,8.2,142.5,992,23
Malakas,2022040918,2,9.4,141.3,992,23
Malakas,2022041000,3,10.6,139.8,990,25
Malakas,2022041006,3,11.3,138.6,990,25
Malakas,2022041012,3,11.8,137.3,990,25
Malakas,2022041018,3,11.9,136.8,990,25
Malakas,2022041100,3,12.4,136.4,990,25
Malakas,2022041106,3,13.3,136.0,990,25
Malakas,2022041112,3,14.1,135.7,985,28
Malakas,2022041118,3,14.7,135.6,980,30
Malakas,2022041200,4,15.3,135.1,975,33
Malakas,2022041206,4,15.8,135.1,965,38
Malakas,2022041212,4,16.1,135.4,955,42
Malakas,2022041218,4,16.7,135.9,955,42
Malakas,2022041300,5,17.3,136.4,945,48
Malakas,2022041306,5,17.8,137.0,945,48
Malakas,2022041312,5,18.8,137.6,945,48
Malakas,2022041318,6,19.7,137.5,940,52
Malakas,2022041400,6,20.6,138.0,940,52
Malakas,2022041406,5,21.6,138.5,950,45
Malakas,2022041412,5,22.7,139.2,955,42
Malakas,2022041418,4,24.3,140.3,960,38
Malakas,2022041500,4,26.3,140.9,965,33
Malakas,2022041506,3,28.1,141.9,970,28
Malakas,2022041512,3,30.1,143.9,975,25
Malakas,2022041518,3,32.3,146.8,975,25
Malakas,2022041600,9,34.8,149.4,978,23
Malakas,2022041606,9,38.1,152.2,978,23
Malakas,2022041612,9,41.9,155.7,978,23
Malakas,2022041618,9,44.4,158.1,970,20
Malakas,2022041700,9,46.8,161.0,970,20
Malakas,2022041706,9,49.1,166.0,970,20
Malakas,2022041712,9,51.2,171.6,970,20
Malakas,2022041718,9,53.1,178.4,970,20
Malakas,2022041800,9,53.4,184.8,972,18
Kathy,1976012800,2,5.6,147.7,1000,20
Kathy,1976012806,2,6.2,146.6,989,20
Kathy,1976012812,2,6.6,145.2,995,20
Kathy,1976012818,2,6.8,144.2,995,20
Kathy,1976012900,2,6.8,143.6,997,20
Kathy,1976012906,3,6.9,143.0,997,25
Kathy,1976012912,3,7.8,141.5,990,25
Kathy,1976012918,3,9.3,140.1,985,30
Kathy,1976013000,4,10.2,139.5,980,35
Kathy,1976013006,4,11.0,138.6,975,40
Kathy,1976013012,4,12.2,138.3,971,40
Kathy,1976013018,4,13.5,138.2,971,40
Kathy,1976013100,5,14.6,138.4,971,45
Kathy,1976013106,5,15.6,138.7,971,50
Kathy,1976013112,5,16.6,139.8,975,45
Kathy,1976013118,5,17.4,141.1,985,45
Kathy,1976020100,4,17.9,142.5,990,40
Kathy,1976020106,4,18.6,144.3,995,35
Kathy,1976020112,4,19.6,146.0,995,35
Kathy,1976020118,3,20.7,148.2,995,30
Kathy,1976020200,3,21.7,150.9,995,25
Kathy,1976020206,2,22.2,153.6,995,20
Kathy,1976020212,2,22.6,157.0,997,20
Kathy,1976020218,1,22.6,160.0,1000,15
(nameless),2023041100,1,13.7,126.5,1006,13
(nameless),2023041106,1,13.9,125.6,1006,13
(nameless),2023041112,1,13.9,124.4,1004,15
(nameless),2023041118,1,13.8,123.9,1004,15
(nameless),2023041200,1,13.8,123.6,1004,15
(nameless),2023041206,1,13.9,123.3,1004,15
(nameless),2023041212,1,14.0,123.0,1004,15
(nameless),2023041218,1,14.1,122.5,1006,13
(nameless),2023041300,1,14.2,121.8,1006,13
(nameless),2023041306,1,14.6,121.2,1006,13
Nancy,1970021900,0,7.0,151.4,1006,10
Nancy,1970021906,0,7.5,151.0,1002,10
Nancy,1970021912,1,8.0,150.5,998,15
Nancy,1970021918,2,8.4,149.8,992,20
Nancy,1970022000,3,8.6,148.9,986,30
Nancy,1970022006,3,8.6,148.0,988,30
Nancy,1970022012,3,8.6,147.5,992,25
Nancy,1970022018,3,8.6,147.2,992,25
Nancy,1970022100,3,8.6,146.5,990,25
Nancy,1970022106,3,8.6,145.7,987,25
Nancy,1970022112,3,8.5,144.8,984,30
Nancy,1970022118,3,8.3,143.8,980,30
Nancy,1970022200,3,8.1,142.5,978,30
Nancy,1970022206,4,8.1,141.2,975,40
Nancy,1970022212,5,8.6,139.9,970,45
Nancy,1970022218,6,8.9,138.4,960,55
Nancy,1970022300,6,9.1,137.1,960,55
Nancy,1970022306,6,9.2,135.6,960,55
Nancy,1970022312,6,9.5,134.2,957,55
Nancy,1970022318,6,10.1,132.4,955,55
Nancy,1970022400,6,10.2,130.9,953,55
Nancy,1970022406,6,10.8,129.4,951,65
Nancy,1970022412,6,11.4,127.7,949,65
Nancy,1970022418,6,12.0,126.6,949,65
Nancy,1970022500,6,13.0,125.6,950,55
Nancy,1970022506,5,13.8,124.4,955,50
Nancy,1970022512,5,14.6,124.0,953,50
Nancy,1970022518,5,15.4,123.8,953,45
Nancy,1970022600,4,16.3,123.7,955,40
Nancy,1970022606,4,17.5,123.8,965,40
Nancy,1970022612,3,18.6,124.3,975,30
Nancy,1970022618,3,19.7,124.8,985,25
Nancy,1970022700,2,20.5,125.3,987,20
Nancy,1970022706,2,21.2,126.0,998,20
Nancy,1970022712,1,21.8,127.0,1002,15
Nancy,1970022718,1,22.5,128.9,1006,15
Nancy,1970022800,9,23.0,131.3,1006,15
(nameless),1950041018,0,16.0,170.0,1010,0
(nameless),1950041100,0,16.4,168.7,1010,0
(nameless),1950041106,0,17.0,167.3,1010,0
(nameless),1950041112,0,17.7,165.9,1010,0
(nameless),1950041118,0,18.5,164.8,1010,0
(nameless),1950041200,0,19.8,163.6,1010,0
(nameless),1950041206,0,21.0,162.2,1006,0
(nameless),1950041212,1,21.7,160.7,1004,15
(nameless),1950041218,2,22.4,159.1,1000,20
(nameless),1950041300,2,23.3,157.4,998,20
(nameless),1950041306,3,24.5,156.5,990,25
(nameless),1950041312,3,25.8,156.1,990,25
(nameless),1950041318,3,26.9,156.1,984,30
(nameless),1950041400,3,28.0,156.6,984,30
(nameless),1950041406,3,29.0,157.2,984,30
(nameless),1950041412,3,30.0,157.5,984,30
(nameless),1950041418,3,31.1,157.3,988,25
(nameless),1950041500,3,32.1,156.4,992,25
(nameless),1950041506,3,34.0,155.0,992,25
HANNAH,1997012012,1,8.5,136.5,1004,15
HANNAH,1997012018,1,8.5,135.5,1004,15
HANNAH,1997012100,1,8.8,133.0,1004,15
HANNAH,1997012106,1,9.2,132.6,1004,15
HANNAH,1997012112,1,9.8,132.4,1000,15
HANNAH,1997012118,1,10.5,132.2,1000,15
HANNAH,1997012200,1,11.3,132.3,1000,15
HANNAH,1997012206,1,11.3,133.0,1002,15
HANNAH,1997012212,1,11.2,133.2,1002,15
PABUK,2018123106,1,8.1,112.4,1004,13
PABUK,2018123112,1,7.6,111.7,1004,13
PABUK,2018123118,1,7.0,111.2,1002,15
PABUK,2019010100,1,6.5,110.7,1002,15
PABUK,2019010106,2,6.2,110.1,1000,18
PABUK,2019010112,2,6.0,109.6,1000,18
PABUK,2019010118,2,6.0,109.1,1000,18
PABUK,2019010200,2,6.0,108.6,1000,18
PABUK,2019010206,2,6.2,107.8,1000,18
PABUK,2019010212,2,6.2,106.9,998,20
PABUK,2019010218,2,6.2,105.7,998,20
PABUK,2019010300,2,6.2,105.0,998,20
PABUK,2019010306,2,6.3,104.3,998,20
PABUK,2019010312,2,6.5,103.4,995,23
PABUK,2019010318,2,7.2,102.5,995,23
PABUK,2019010400,3,7.8,101.6,990,25
PABUK,2019010406,2,8.1,100.6,995,23
PABUK,2019010412,2,8.2,99.8,998,20
PABUK,2019010418,1,8.3,99.2,1006,15
PABUK,2019010500,1,8.6,98.6,1006,15
Cimaron,2001050912,1,11.8,120.0,1004,12
Cimaron,2001050918,1,12.3,119.6,1004,12
Cimaron,2001051000,1,13.1,119.5,1004,12
Cimaron,2001051006,1,14.1,119.3,1002,15
Cimaron,2001051012,1,15.3,119.1,1002,15
Cimaron,2001051018,1,16.2,119.1,1002,15
Cimaron,2001051100,1,17.1,119.1,1000,15
Cimaron,2001051106,2,17.6,119.1,998,18
Cimaron,2001051112,2,18.1,119.2,998,18
Cimaron,2001051118,2,18.5,119.5,995,20
Cimaron,2001051200,2,18.9,119.9,990,23
Cimaron,2001051206,2,19.5,120.4,990,23
Cimaron,2001051212,2,20.0,121.0,990,23
Cimaron,2001051218,2,20.5,121.2,990,23
Cimaron,2001051300,2,21.1,121.7,990,23
Cimaron,2001051306,3,22.1,122.7,985,25
Cimaron,2001051312,3,23.1,123.6,985,25
Cimaron,2001051318,3,24.3,125.1,985,25
Cimaron,2001051400,3,25.6,126.5,985,25
Cimaron,2001051406,2,26.7,128.0,990,20
Cimaron,2001051412,2,27.2,129.1,998,18
Cimaron,2001051418,1,27.4,130.6,1000,15
Cimaron,2001051500,1,27.5,132.0,1002,15
Cimaron,2001051506,1,27.7,133.5,1002,15
Cimaron,2001051512,1,27.7,134.6,1004,12
(nameless),1977011000,1,10.0,126.5,1005,12
(nameless),1977011006,1,10.9,126.2,1005,12
(nameless),1977011012,1,11.3,125.7,1005,12
(nameless),1977011018,1,12.0,125.1,1005,12
(nameless),1977011100,1,13.0,124.9,1005,12
(nameless),1977011106,1,14.0,124.7,1002,15
(nameless),1977011112,1,14.4,124.8,1002,15
(nameless),1977011118,1,14.8,124.8,1002,15
(nameless),1977011200,1,15.4,124.9,1002,15
(nameless),1977011206,1,15.9,125.0,1002,15
(nameless),1977011212,1,16.2,125.1,1005,12
(nameless),1977011218,1,16.8,125.4,1005,12
(nameless),1977011300,1,16.9,126.3,1005,12
(nameless),1977011306,0,16.5,127.0,1005,10
(nameless),1977011312,0,16.0,128.0,1008,0
Sharon,1991030500,0,4.0,152.0,1004,10
Sharon,1991030506,1,4.0,151.0,1002,12
Sharon,1991030512,1,4.3,150.1,1002,12
Sharon,1991030518,1,4.5,149.3,1002,12
Sharon,1991030600,1,5.0,148.5,1002,12
Sharon,1991030606,1,5.3,148.0,1000,15
Sharon,1991030612,1,5.6,147.3,1000,15
Sharon,1991030618,1,6.0,146.6,1000,15
Sharon,1991030700,2,6.5,146.0,998,20
Sharon,1991030706,2,6.9,145.4,996,20
Sharon,1991030712,2,7.1,144.5,996,20
Sharon,1991030718,2,7.1,144.5,996,20
Sharon,1991030800,2,6.5,144.1,992,20
Sharon,1991030806,3,6.3,143.5,990,25
Sharon,1991030812,3,6.3,142.5,990,25
Sharon,1991030818,3,6.3,141.5,990,25
Sharon,1991030900,3,6.3,140.9,985,25
Sharon,1991030906,3,6.3,140.3,985,25
Sharon,1991030912,3,6.4,139.5,985,25
Sharon,1991030918,3,6.5,138.5,985,25
Sharon,1991031000,3,6.7,137.6,980,30
Sharon,1991031006,3,6.8,136.8,980,30
Sharon,1991031012,3,6.8,136.0,980,30
Sharon,1991031018,3,6.9,135.3,980,30
Sharon,1991031100,3,6.9,134.5,980,30
Sharon,1991031106,3,6.9,133.5,985,25
Sharon,1991031112,3,7.0,132.4,985,25
Sharon,1991031118,3,7.3,131.8,990,25
Sharon,1991031200,2,7.7,131.0,990,20
Sharon,1991031206,2,8.3,130.0,995,20
Sharon,1991031212,2,8.6,128.8,995,20
Sharon,1991031218,2,9.0,127.7,998,20
Sharon,1991031300,2,9.5,126.1,998,20
Sharon,1991031306,2,10.5,125.1,998,20
Sharon,1991031312,1,11.0,124.0,998,15
Sharon,1991031318,1,11.3,123.0,1000,15
Sharon,1991031400,1,11.5,122.3,1000,15
Sharon,1991031406,1,10.5,122.3,1000,15
Kong-rey,2007033012,1,5.8,158.2,1006,12
Kong-rey,2007033018,1,6.3,158.1,1002,15
Kong-rey,2007033100,1,6.7,157.9,1002,15
Kong-rey,2007033106,1,7.1,156.6,1002,15
Kong-rey,2007033112,1,7.6,155.5,1000,15
Kong-rey,2007033118,1,8.4,154.2,1000,15
Kong-rey,2007040100,2,9.7,152.8,998,18
Kong-rey,2007040106,2,10.2,152.1,996,20
Kong-rey,2007040112,2,10.4,151.4,990,23
Kong-rey,2007040118,3,11.0,150.8,990,25
Kong-rey,2007040200,3,12.1,149.6,985,28
Kong-rey,2007040206,3,13.4,148.9,980,30
Kong-rey,2007040212,4,14.5,147.7,980,33
Kong-rey,2007040218,4,15.2,146.8,975,33
Kong-rey,2007040300,4,16.1,145.8,970,35
Kong-rey,2007040306,4,16.9,144.7,970,35
Kong-rey,2007040312,4,17.7,144.3,960,40
Kong-rey,2007040318,4,18.7,144.3,960,40
Kong-rey,2007040400,4,20.0,144.3,965,40
Kong-rey,2007040406,4,21.0,145.1,970,35
Kong-rey,2007040412,3,22.0,146.5,980,30
Kong-rey,2007040418,3,22.8,148.0,990,25
Kong-rey,2007040500,2,23.9,150.1,990,23
Kong-rey,2007040506,2,25.1,152.5,996,18
Kong-rey,2007040512,2,25.9,155.0,996,18
Kong-rey,2007040518,1,26.6,157.5,998,15
Kong-rey,2007040600,9,27.0,160.0,1002,15
Ruby,1959022618,2,8.9,140.6,1000,20
Ruby,1959022700,3,8.7,139.5,998,25
Ruby,1959022706,3,8.5,138.7,995,25
Ruby,1959022712,3,8.4,137.8,995,25
Ruby,1959022718,3,8.3,137.0,995,25
Ruby,1959022800,3,8.2,136.1,995,25
Ruby,1959022806,3,8.7,134.8,995,25
Ruby,1959022812,3,8.7,133.5,997,25
Ruby,1959022818,2,8.3,132.3,999,20
Ruby,1959030100,1,7.7,131.2,1002,15
Ruby,1959030106,1,7.1,130.1,1004,15
Ruby,1959030112,0,6.7,129.0,1005,0
Freda,1981031200,1,6.0,168.0,1004,12
Freda,1981031206,1,6.6,167.4,1004,15
Freda,1981031212,1,7.0,166.8,1000,15
Freda,1981031218,2,7.5,166.0,994,20
Freda,1981031300,2,8.2,165.2,992,20
Freda,1981031306,2,9.0,164.3,992,20
Freda,1981031312,2,9.9,163.4,990,20
Freda,1981031318,3,10.6,162.6,987,25
Freda,1981031400,3,11.5,162.0,980,30
Freda,1981031406,3,12.7,161.3,979,30
Freda,1981031412,3,14.2,161.1,975,30
Freda,1981031418,4,14.6,161.6,970,35
Freda,1981031500,4,15.5,161.9,960,40
Freda,1981031506,5,16.9,162.9,947,50
Freda,1981031512,5,18.1,163.9,945,50
Freda,1981031518,5,19.1,165.0,944,50
Freda,1981031600,5,20.0,166.0,945,50
Freda,1981031606,5,21.0,167.2,950,45
Freda,1981031612,5,21.9,168.3,955,45
Freda,1981031618,4,23.0,169.4,960,40
Freda,1981031700,4,24.0,170.5,966,35
Freda,1981031706,3,25.2,171.7,975,30
Freda,1981031712,3,27.1,173.3,982,25
Freda,1981031718,3,28.0,174.6,980,25
Freda,1981031800,3,29.0,176.0,985,25
Freda,1981031806,2,31.6,181.0,990,20
Charlotte,1952060906,1,14.8,117.9,992,15
Charlotte,1952060912,2,14.8,117.5,990,20
Charlotte,1952060918,3,15.0,117.0,988,25
Charlotte,1952061000,3,15.3,116.6,987,30
Charlotte,1952061006,3,16.3,116.3,985,30
Charlotte,1952061012,3,17.3,116.0,983,30
Charlotte,1952061018,3,18.3,115.6,981,30
Charlotte,1952061100,4,19.1,114.9,978,35
Charlotte,1952061106,4,19.5,114.4,971,35
Charlotte,1952061112,4,19.9,113.9,966,40
Charlotte,1952061118,4,20.3,113.3,962,40
Charlotte,1952061200,4,20.6,112.6,960,40
Charlotte,1952061206,4,20.7,112.1,961,40
Charlotte,1952061212,4,20.9,111.7,970,35
Charlotte,1952061218,3,21.2,111.4,980,30
Charlotte,1952061300,3,21.5,111.2,985,25
Charlotte,1952061306,2,22.0,111.1,988,20
Charlotte,1952061312,1,22.5,111.4,990,15
Charlotte,1952061318,1,22.7,112.2,993,15
Charlotte,1952061400,0,23.0,112.5,993,10
Charlotte,1952061406,0,23.3,112.8,996,9
Charlotte,1952061412,0,23.5,113.4,1000,9
Charlotte,1952061418,0,23.7,114.0,1000,9
Charlotte,1952061500,0,24.0,114.9,1002,9
(nameless),2012021418,1,7.9,130.2,1004,16
(nameless),2012021500,1,8.9,128.4,1004,16
(nameless),2012021506,1,9.6,127.2,1004,16
(nameless),2012021512,1,10.2,125.8,1006,16
(nameless),2012021518,1,11.0,124.5,1006,16
(nameless),2012021600,1,10.5,123.0,1006,13
(nameless),2012021606,1,9.8,121.7,1006,13
(nameless),2012021612,1,9.5,120.4,1006,13
(nameless),2012021618,1,9.5,118.8,1006,13
(nameless),2012021700,1,9.5,117.0,1006,16
(nameless),2012021706,1,9.8,115.5,1004,16
(nameless),2012021712,1,9.8,114.1,1004,16
(nameless),2012021718,1,10.0,113.3,1004,16
(nameless),2012021800,1,10.2,113.0,1004,16
(nameless),2012021806,1,10.3,112.8,1004,16
(nameless),2012021812,1,10.5,112.6,1004,16
(nameless),2012021818,1,10.6,112.4,1004,16
(nameless),2012021900,1,10.5,112.2,1004,16
(nameless),2012021906,1,10.3,112.1,1004,16
(nameless),2012021912,1,10.1,112.1,1004,16
(nameless),2012021918,1,9.8,112.0,1004,16
(nameless),2012022000,1,9.4,111.9,1004,16
(nameless),2012022006,1,9.3,111.6,1004,16
(nameless),2012022012,1,9.3,111.4,1004,16
(nameless),2012022018,1,9.3,111.2,1004,16
(nameless),2012022100,1,9.3,110.9,1004,16
(nameless),2012022106,1,9.4,110.3,1006,13
(nameless),2016052606,1,18.8,114.8,1002,13
(nameless),2016052612,1,18.9,113.6,1002,13
(nameless),2016052618,1,19.4,112.7,1002,13
(nameless),2016052700,1,20.2,112.2,998,15
(nameless),2016052706,1,21.3,112.1,998,15
(nameless),2016052712,1,22.5,112.3,1000,13
(nameless),2016052718,1,23.7,112.6,1002,13
(nameless),2016052800,0,24.7,113.4,1005,10
(nameless),2016052806,0,25.7,114.6,1005,10
(nameless),1966040312,1,6.2,166.2,1003,12
(nameless),1966040318,1,6.5,166.1,1003,12
(nameless),1966040400,1,7.2,165.8,1003,15
(nameless),1966040406,1,7.7,165.0,1002,15
(nameless),1966040412,1,7.9,164.2,1002,15
(nameless),1966040418,1,7.9,162.5,1001,15
(nameless),1966040500,1,8.3,160.8,1000,15
(nameless),1966040506,1,9.2,158.9,1000,15
(nameless),1966040512,1,9.9,157.5,1001,15
(nameless),1966040518,1,10.5,155.9,1002,15
(nameless),1966040600,1,10.7,154.5,1003,15
(nameless),1966040606,1,10.8,153.0,1003,15
(nameless),1966040612,1,10.9,151.2,1004,12
Phyllis,1969011606,1,7.0,177.3,1000,15
Phyllis,1969011612,2,7.5,175.9,995,20
Phyllis,1969011618,3,7.9,174.3,990,25
Phyllis,1969011700,3,8.3,172.7,985,30
Phyllis,1969011706,4,8.6,171.0,978,35
Phyllis,1969011712,4,8.8,169.2,978,35
Phyllis,1969011718,4,9.0,167.4,977,35
Phyllis,1969011800,4,9.2,165.8,975,40
Phyllis,1969011806,5,9.6,164.0,972,45
Phyllis,1969011812,5,10.3,162.2,970,45
Phyllis,1969011818,5,10.8,160.5,967,45
Phyllis,1969011900,5,11.2,159.1,968,45
Phyllis,1969011906,5,11.4,157.9,968,45
Phyllis,1969011912,5,11.8,156.4,968,45
Phyllis,1969011918,5,12.4,154.8,968,45
Phyllis,1969012000,5,12.7,153.3,968,45
Phyllis,1969012006,5,13.3,152.3,970,45
Phyllis,1969012012,4,13.8,151.2,976,40
Phyllis,1969012018,4,14.0,150.3,977,40
Phyllis,1969012100,4,13.7,149.8,980,35
Phyllis,1969012106,4,14.0,149.6,980,35
Phyllis,1969012112,3,13.8,150.0,984,30
Phyllis,1969012118,3,13.0,148.5,990,25
Phyllis,1969012200,2,13.4,146.3,995,20
Phyllis,1969012206,2,13.6,144.6,997,20
Phyllis,1969012212,1,13.7,142.3,1000,15
Phyllis,1969012218,1,13.4,140.6,1000,15
Phyllis,1969012300,1,12.8,139.0,1000,15
Phyllis,1969012306,1,12.1,137.3,1000,15
Phyllis,1969012312,1,11.7,135.9,1000,15
Phyllis,1969012318,1,11.4,134.3,1002,12
Phyllis,1969012400,0,11.3,132.5,1006,0
Phyllis,1969012406,0,11.3,130.8,1006,0
Phyllis,1969012412,0,11.4,128.8,1006,0
Phyllis,1969012418,0,11.5,127.0,1006,0
Sarah,1983062300,0,14.0,117.0,1004,10
Sarah,1983062306,0,13.0,117.0,1004,10
Sarah,1983062312,1,11.5,116.5,1004,12
Sarah,1983062318,1,11.5,115.0,1003,12
Sarah,1983062400,1,12.5,114.0,1003,12
Sarah,1983062406,1,13.0,113.0,1000,15
Sarah,1983062412,1,13.5,112.0,1000,15
Sarah,1983062418,1,14.2,111.3,1000,15
Sarah,1983062500,1,15.1,110.5,998,15
Sarah,1983062506,2,15.7,109.8,998,20
Sarah,1983062512,2,16.2,108.9,998,20
Sarah,1983062518,2,17.7,107.3,998,20
Sarah,1983062600,1,18.0,106.3,1000,15
Sarah,1983062606,1,18.5,105.0,1000,12
(nameless),1980031718,1,8.5,142.0,1008,12
(nameless),1980031800,1,8.5,141.0,1006,15
(nameless),1980031806,1,8.5,140.0,1005,15
(nameless),1980031812,1,8.6,139.3,1005,15
(nameless),1980031818,1,8.6,138.6,1005,15
(nameless),1980031900,1,8.7,137.9,1005,15
(nameless),1980031906,1,8.7,137.3,1003,15
(nameless),1980031912,1,8.8,136.8,1003,15
(nameless),1980031918,1,8.9,136.3,1003,15
(nameless),1980032000,1,9.0,136.0,1003,15
(nameless),1980032006,1,9.2,135.6,1003,15
(nameless),1980032012,1,9.2,135.2,1003,15
(nameless),1980032018,1,9.2,134.7,1003,15
(nameless),1980032100,1,9.3,134.2,1003,15
(nameless),1980032106,1,9.4,133.6,1000,15
(nameless),1980032112,1,9.7,132.5,1000,15
(nameless),1980032118,1,10.0,131.2,1000,15
(nameless),1980032200,1,10.3,130.0,1000,15
(nameless),1980032206,1,10.6,129.3,1002,15
(nameless),1980032212,1,10.7,128.4,1002,15
(nameless),1980032218,1,11.1,127.6,1002,15
(nameless),1980032300,1,11.4,126.9,1002,15
(nameless),1980032306,1,11.6,126.1,1001,15
(nameless),1980032312,1,11.8,125.1,1001,15
(nameless),1980032318,1,12.1,124.1,1002,15
(nameless),1980032400,1,12.5,123.2,1004,15
(nameless),1980032406,1,12.8,122.5,1004,15
(nameless),1980032412,1,13.0,122.0,1006,12
(nameless),1980032418,1,13.2,121.3,1006,12
(nameless),1980032500,1,13.4,120.8,1008,12
(nameless),1980032506,1,13.2,119.7,1008,12
(nameless),1980032512,1,13.1,118.8,1008,12
(nameless),1980032518,1,12.9,118.2,1008,12
(nameless),1980032600,1,12.8,117.4,1008,12
(nameless),1980032606,1,12.7,116.8,1008,12
(nameless),1980032612,1,12.4,116.2,1008,12
(nameless),1980032618,1,12.3,115.6,1009,12
(nameless),1980032700,1,12.3,115.0,1009,12
(nameless),1980032706,1,12.2,114.4,1009,12
(nameless),1980032712,1,12.2,113.6,1009,12
(nameless),1980032718,1,12.1,112.6,1009,12
Alice,1978123106,1,2.0,174.0,1002,15
Alice,1978123112,1,2.1,172.6,1000,15
Alice,1978123118,1,2.3,171.6,1000,15
Alice,1979010100,2,3.0,171.0,998,20
Alice,1979010106,2,3.7,170.1,995,20
Alice,1979010112,2,4.4,169.6,995,20
Alice,1979010118,3,5.0,169.1,990,25
Alice,1979010200,3,5.3,168.7,986,25
Alice,1979010206,3,5.6,168.0,986,25
Alice,1979010212,3,6.1,167.7,986,25
Alice,1979010218,3,6.6,168.0,986,25
Alice,1979010300,3,7.3,168.3,984,25
Alice,1979010306,3,8.0,168.0,984,25
Alice,1979010312,3,8.5,168.2,984,25
Alice,1979010318,3,9.0,168.3,984,25
Alice,1979010400,3,9.2,167.9,982,25
Alice,1979010406,3,9.3,167.3,982,30
Alice,1979010412,3,9.3,166.7,980,30
Alice,1979010418,3,9.5,165.9,980,30
Alice,1979010500,3,9.6,165.1,975,30
Alice,1979010506,3,9.7,164.2,975,30
Alice,1979010512,3,9.8,163.4,969,30
Alice,1979010518,3,10.4,162.6,967,30
Alice,1979010600,3,11.2,161.6,964,30
Alice,1979010606,4,12.0,160.4,962,35
Alice,1979010612,4,12.1,159.5,961,35
Alice,1979010618,4,12.2,158.5,958,35
Alice,1979010700,4,12.3,157.6,950,40
Alice,1979010706,4,12.4,156.5,948,40
Alice,1979010712,5,12.5,155.3,940,45
Alice,1979010718,5,12.2,154.0,928,50
Alice,1979010800,5,12.1,152.9,930,50
Alice,1979010806,5,12.0,151.5,935,50
Alice,1979010812,5,12.0,150.3,945,45
Alice,1979010818,5,11.9,149.0,957,45
Alice,1979010900,5,11.9,147.8,960,45
Alice,1979010906,4,12.1,146.7,965,40
Alice,1979010912,4,12.1,145.3,970,40
Alice,1979010918,4,11.9,144.2,970,40
Alice,1979011000,4,12.0,142.8,970,40
Alice,1979011006,4,12.2,141.5,965,40
Alice,1979011012,4,12.3,140.3,960,40
Alice,1979011018,4,12.4,139.1,950,40
Alice,1979011100,5,12.5,138.7,945,45
Alice,1979011106,5,12.7,138.1,941,45
Alice,1979011112,5,13.0,137.6,938,45
Alice,1979011118,5,13.5,137.2,940,45
Alice,1979011200,5,13.8,137.1,945,45
Alice,1979011206,5,14.2,136.8,950,45
Alice,1979011212,4,14.6,136.6,960,40
Alice,1979011218,4,15.1,136.6,965,40
Alice,1979011300,4,15.5,136.8,970,35
Alice,1979011306,4,15.9,136.9,980,35
Alice,1979011312,3,16.1,137.1,985,30
Alice,1979011318,3,16.5,137.5,985,30
Alice,1979011400,3,17.0,137.0,985,25
Alice,1979011406,3,16.8,135.8,985,25
Alice,1979011412,2,17.0,135.1,990,20
Alice,1979011418,1,17.3,134.3,994,15
Alice,1979011500,1,17.3,133.3,998,12
Alice,1979011506,0,17.2,132.3,998,10
Lingling,2014011706,1,9.8,127.9,1006,13
Lingling,2014011712,1,9.7,127.6,1006,13
Lingling,2014011718,1,9.6,127.4,1006,13
Lingling,2014011800,1,9.4,127.5,1002,15
Lingling,2014011806,2,9.1,127.8,1000,18
Lingling,2014011812,2,8.6,128.0,1000,18
Lingling,2014011818,2,8.0,128.1,1000,18
Lingling,2014011900,2,7.5,128.1,1000,18
Lingling,2014011906,1,7.2,128.1,1002,15
Lingling,2014011912,1,6.9,128.1,1006,13
Owen,1994033112,1,10.8,134.8,1004,12
Owen,1994033118,1,11.1,133.9,1002,15
Owen,1994040100,1,11.3,133.0,1000,15
Owen,1994040106,2,11.4,132.1,996,20
Owen,1994040112,2,11.6,131.6,996,20
Owen,1994040118,2,11.6,131.1,996,20
Owen,1994040200,2,11.6,130.6,996,20
Owen,1994040206,2,11.5,129.8,996,20
Owen,1994040212,2,11.4,129.2,995,20
Owen,1994040218,2,11.3,128.7,995,20
Owen,1994040300,3,11.0,128.2,990,25
Owen,1994040306,3,10.6,127.6,985,25
Owen,1994040312,3,10.4,127.1,985,25
Owen,1994040318,3,10.3,126.5,980,30
Owen,1994040400,3,10.2,125.9,980,30
Owen,1994040406,3,10.4,124.4,980,30
Owen,1994040412,3,10.7,123.1,980,30
Owen,1994040418,3,10.6,122.1,985,25
Owen,1994040500,3,10.6,121.2,990,25
Owen,1994040506,3,10.8,120.4,990,25
Owen,1994040512,3,11.3,119.7,990,25
Owen,1994040518,2,11.7,118.7,996,20
Owen,1994040600,2,11.9,117.7,996,20
Owen,1994040606,2,12.2,117.0,994,20
Owen,1994040612,3,12.5,116.4,990,25
Owen,1994040618,3,12.9,116.0,990,25
Owen,1994040700,3,13.4,115.7,990,25
Owen,1994040706,2,14.3,116.0,995,20
Owen,1994040712,2,15.3,116.5,995,20
Owen,1994040718,2,15.7,116.6,995,20
Owen,1994040800,2,16.2,116.7,995,20
Owen,1994040806,2,16.6,116.9,996,20
Owen,1994040812,2,17.1,117.2,996,20
Owen,1994040818,1,17.5,117.5,1000,15
Owen,1994040900,1,18.0,118.0,1002,15
Owen,1994040906,1,18.5,118.5,1005,12
(nameless),2004021112,0,9.8,145.0,1004,10
(nameless),2004021118,0,10.6,143.8,1004,10
(nameless),2004021200,0,11.5,142.5,1004,10
(nameless),2004021206,1,11.9,141.6,1002,15
(nameless),2004021212,1,12.1,140.2,1002,15
(nameless),2004021218,1,12.2,138.5,1002,15
(nameless),2004021300,1,12.4,137.4,1002,15
(nameless),2004021306,1,12.8,136.8,1002,15
(nameless),2004021312,1,13.4,136.0,1002,15
(nameless),2004021318,1,13.9,135.4,1000,15
(nameless),2004021400,1,14.3,135.3,1000,15
(nameless),2004021406,1,14.5,135.4,1000,15
(nameless),2004021412,1,14.7,135.5,1002,15
(nameless),2004021418,1,14.8,135.8,1002,15
(nameless),2004021500,1,14.7,136.5,1002,15
(nameless),2004021506,1,14.7,136.8,1002,15
(nameless),2004021512,1,14.3,137.0,1002,15
(nameless),2004021518,1,14.0,136.6,1002,15
(nameless),2004021600,1,13.0,136.0,1002,15
(nameless),2004021606,1,11.8,135.5,1002,15
(nameless),2004021612,1,10.0,135.0,1002,15
Sarah,1971010806,1,8.2,142.5,1000,12
Sarah,1971010812,1,8.4,141.2,1000,12
Sarah,1971010818,1,8.8,139.8,1000,12
Sarah,1971010900,1,9.5,138.6,998,15
Sarah,1971010906,2,10.7,137.7,997,20
Sarah,1971010912,2,11.1,137.1,994,20
Sarah,1971010918,2,11.2,136.4,990,20
Sarah,1971011000,3,10.9,136.4,989,25
Sarah,1971011006,3,12.0,137.1,990,25
Sarah,1971011012,2,13.4,137.6,995,20
Sarah,1971011018,2,14.4,139.1,998,20
Sarah,1971011100,2,14.8,140.3,1000,20
Sarah,1971011106,1,15.3,140.9,1000,15
Sarah,1971011112,1,16.0,141.3,1000,15
Sarah,1971011118,9,16.8,142.0,1000,15
Sarah,1971011200,9,17.6,144.0,997,20
Sarah,1971011206,9,17.8,146.1,996,20
Sarah,1971011212,9,18.0,148.0,996,20
Sarah,1971011218,9,18.8,150.5,998,15
Sarah,1971011300,9,20.8,153.4,1000,15
Sarah,1971011306,9,22.7,157.0,1002,15
Sarah,1971011312,9,23.5,161.0,1002,12
Sarah,1971011318,9,23.5,164.5,1002,12
Sarah,1971011400,9,23.5,168.5,1003,12
Sarah,1971011406,9,23.7,173.0,1004,0
Sarah,1971011412,9,24.0,177.5,1004,0
Omais,2010032206,1,7.9,142.6,1004,15
Omais,2010032212,1,8.4,141.8,1004,15
Omais,2010032218,1,8.9,140.7,1002,15
Omais,2010032300,1,9.5,139.6,1002,15
Omais,2010032306,1,10.1,138.7,1002,15
Omais,2010032312,1,10.6,137.4,1002,15
Omais,2010032318,1,10.9,136.4,1002,15
Omais,2010032400,1,11.6,135.5,1000,15
Omais,2010032406,1,12.3,134.5,1000,15
Omais,2010032412,2,13.3,133.4,998,18
Omais,2010032418,2,14.1,132.6,998,18
Omais,2010032500,2,14.8,132.3,998,18
Omais,2010032506,2,15.4,132.1,998,18
Omais,2010032512,2,16.2,132.1,998,18
Omais,2010032518,2,17.0,132.2,998,18
Omais,2010032600,2,17.4,131.6,1000,18
Omais,2010032606,1,17.6,131.8,1004,15
Omais,2010032612,1,17.7,132.1,1006,13
(nameless),1996022800,1,8.0,130.0,1004,12
(nameless),1996022806,1,8.5,130.0,1004,12
(nameless),1996022812,1,9.0,129.0,1002,15
(nameless),1996022818,1,9.5,128.0,1002,15
(nameless),1996022900,1,9.9,127.3,1002,15
(nameless),1996022906,1,10.1,126.4,1000,15
(nameless),1996022912,1,10.5,125.5,1000,15
(nameless),1996022918,1,10.9,124.5,998,15
(nameless),1996030100,1,11.0,123.2,998,15
(nameless),1996030106,1,10.8,122.2,998,15
(nameless),1996030112,1,10.6,121.6,998,15
(nameless),1996030118,1,10.3,121.1,1000,15
(nameless),1996030200,1,10.0,120.5,1002,12
Axel,1992010506,1,5.2,178.5,1000,15
Axel,1992010512,1,5.5,177.5,1000,15
Axel,1992010518,1,5.8,176.5,998,15
Axel,1992010600,2,6.1,176.1,995,20
Axel,1992010606,2,6.2,175.1,995,20
Axel,1992010612,2,6.2,174.4,995,20
Axel,1992010618,2,6.2,173.0,990,20
Axel,1992010700,2,6.1,172.2,990,20
Axel,1992010706,3,5.8,170.7,985,25
Axel,1992010712,3,5.6,169.5,985,25
Axel,1992010718,3,5.6,168.8,985,25
Axel,1992010800,3,5.8,168.5,980,30
Axel,1992010806,3,5.8,167.7,980,30
Axel,1992010812,3,6.2,166.0,980,30
Axel,1992010818,3,6.5,163.9,980,30
Axel,1992010900,3,6.8,162.3,980,30
Axel,1992010906,3,7.0,160.5,980,30
Axel,1992010912,3,7.2,159.2,980,30
Axel,1992010918,3,7.2,157.3,980,30
Axel,1992011000,3,7.3,155.8,985,25
Axel,1992011006,3,8.2,154.7,985,25
Axel,1992011012,2,8.5,153.7,990,20
Axel,1992011018,2,8.9,152.9,995,20
Axel,1992011100,2,9.6,152.4,995,20
Axel,1992011106,2,9.6,151.4,995,20
Axel,1992011112,1,9.8,150.4,998,15
Axel,1992011118,1,10.1,149.3,998,15
Axel,1992011200,1,10.3,148.0,998,15
Axel,1992011206,1,10.4,146.1,998,15
Axel,1992011212,1,10.5,144.5,998,15
Axel,1992011218,1,10.7,143.4,1000,15
Axel,1992011300,1,11.3,143.2,1000,15
Axel,1992011306,1,12.2,143.0,1000,15
Axel,1992011312,1,13.2,142.5,1002,15
Axel,1992011318,1,13.9,141.9,1002,15
Axel,1992011400,1,14.2,140.8,1004,12
Kulap,2005011400,1,6.0,150.2,1004,15
Kulap,2005011406,1,5.7,148.0,1002,15
Kulap,2005011412,1,6.0,147.4,1000,15
Kulap,2005011418,1,6.8,147.1,1000,15
Kulap,2005011500,1,7.5,146.3,1000,15
Kulap,2005011506,1,8.1,147.4,998,15
Kulap,2005011512,2,9.5,147.4,995,18
Kulap,2005011518,2,10.4,146.9,992,20
Kulap,2005011600,2,11.5,146.6,992,20
Kulap,2005011606,2,12.5,146.2,990,23
Kulap,2005011612,2,13.1,145.9,990,23
Kulap,2005011618,2,13.5,146.5,990,23
Kulap,2005011700,2,14.2,147.7,990,23
Kulap,2005011706,2,14.9,148.6,990,23
Kulap,2005011712,2,15.7,149.6,990,23
Kulap,2005011718,3,16.3,150.7,985,25
Kulap,2005011800,3,16.7,151.6,985,25
Kulap,2005011806,3,17.3,152.6,985,25
Kulap,2005011812,3,17.6,153.2,985,25
Kulap,2005011818,2,18.0,153.8,990,23
Kulap,2005011900,2,18.4,154.4,1000,18
Kulap,2005011906,1,18.7,155.1,1004,15
Kulap,2005011912,1,18.9,155.8,1010,12
Lola,1975012106,1,6.6,137.6,1002,12
Lola,1975012112,1,6.9,137.0,1002,12
Lola,1975012118,1,7.2,136.2,1002,12
Lola,1975012200,1,7.3,135.5,1002,12
Lola,1975012206,2,7.5,134.8,1000,20
Lola,1975012212,2,7.6,134.5,995,20
Lola,1975012218,3,7.8,134.2,990,25
Lola,1975012300,3,8.0,134.0,990,25
Lola,1975012306,3,8.5,133.0,985,30
Lola,1975012312,3,8.8,131.4,985,30
Lola,1975012318,4,8.8,129.7,980,35
Lola,1975012400,4,8.8,128.0,975,35
Lola,1975012406,4,9.0,126.4,975,35
Lola,1975012412,3,9.4,124.6,985,30
Lola,1975012418,3,10.2,122.7,990,25
Lola,1975012500,3,10.9,120.8,995,25
Lola,1975012506,3,11.7,118.7,995,25
Lola,1975012512,3,12.3,116.8,993,30
Lola,1975012518,3,13.0,115.1,993,30
Lola,1975012600,3,13.6,114.0,990,30
Lola,1975012606,4,14.2,113.2,990,35
Lola,1975012612,4,15.1,112.5,990,35
Lola,1975012618,4,15.7,112.3,990,35
Lola,1975012700,4,16.3,112.2,990,35
Lola,1975012706,4,16.9,112.3,990,40
Lola,1975012712,4,16.7,112.8,995,35
Lola,1975012718,3,16.0,112.7,998,30
Lola,1975012800,3,15.5,112.3,1000,25
Lola,1975012806,2,15.0,111.7,1000,20
Lola,1975012812,1,14.8,111.1,1005,15
Orchid,1987010900,1,7.2,149.1,1004,12
Orchid,1987010906,1,7.6,147.8,1004,12
Orchid,1987010912,1,8.0,146.3,1002,15
Orchid,1987010918,2,8.5,144.8,995,20
Orchid,1987011000,3,8.8,143.3,989,25
Orchid,1987011006,3,9.2,142.0,986,25
Orchid,1987011012,4,9.5,140.7,977,35
Orchid,1987011018,4,9.8,139.3,968,40
Orchid,1987011100,5,10.2,138.0,955,45
Orchid,1987011106,5,10.4,136.9,955,45
Orchid,1987011112,5,10.7,135.9,964,45
Orchid,1987011118,4,10.9,134.9,970,40
Orchid,1987011200,4,11.0,134.0,980,35
Orchid,1987011206,4,11.3,133.3,975,35
Orchid,1987011212,3,11.7,132.7,978,30
Orchid,1987011218,3,11.8,132.1,985,30
Orchid,1987011300,3,11.3,131.6,991,25
Orchid,1987011306,3,10.5,131.4,991,25
Orchid,1987011312,2,10.0,131.5,995,20
Orchid,1987011318,2,9.5,131.8,995,20
Fran,1962020212,0,5.5,128.6,1006,0
Fran,1962020218,0,5.4,128.4,1006,0
Fran,1962020300,1,5.5,128.5,1005,15
Fran,1962020306,1,5.7,129.0,1005,15
Fran,1962020312,1,5.9,129.4,1005,15
Fran,1962020318,2,6.2,129.8,1005,20
Fran,1962020400,3,6.5,130.0,1003,25
Fran,1962020406,3,7.0,129.9,1000,25
Fran,1962020412,3,7.4,129.7,1000,25
Fran,1962020418,3,7.8,129.3,1000,25
Fran,1962020500,2,8.2,128.7,1001,20
Fran,1962020506,1,8.5,128.3,1003,15
Fran,1962020512,1,8.9,128.2,1005,15
Fran,1962020518,1,9.3,128.5,1008,15
Fran,1962020600,1,9.6,128.9,1010,12
Mekkhala,2015011300,1,8.6,142.8,1004,13
Mekkhala,2015011306,1,8.5,142.3,1002,13
Mekkhala,2015011312,1,8.8,141.6,1000,15
Mekkhala,2015011318,1,9.2,140.8,1000,15
Mekkhala,2015011400,2,10.0,139.8,998,18
Mekkhala,2015011406,2,10.4,138.4,998,18
Mekkhala,2015011412,2,11.0,137.2,998,18
Mekkhala,2015011418,2,11.3,135.8,998,18
Mekkhala,2015011500,2,11.5,134.7,995,20
Mekkhala,2015011506,2,11.7,133.5,995,20
Mekkhala,2015011512,2,11.6,132.7,995,20
Mekkhala,2015011518,2,11.6,131.8,995,20
Mekkhala,2015011600,2,11.5,130.6,992,23
Mekkhala,2015011606,3,11.4,129.8,990,25
Mekkhala,2015011612,3,11.3,128.7,985,28
Mekkhala,2015011618,3,11.1,127.6,980,30
Mekkhala,2015011700,4,11.3,126.8,975,33
Mekkhala,2015011706,4,11.9,125.8,975,33
Mekkhala,2015011712,3,12.4,125.0,985,28
Mekkhala,2015011718,2,12.7,124.3,992,23
Mekkhala,2015011800,2,13.4,123.6,995,20
Mekkhala,2015011806,2,14.0,122.7,998,18
Mekkhala,2015011812,2,14.8,122.4,998,18
Mekkhala,2015011818,1,15.8,122.5,1000,15
Mekkhala,2015011900,1,16.5,122.8,1002,13
Mekkhala,2015011906,1,16.8,123.0,1002,13
Mekkhala,2015011912,1,16.8,123.5,1004,13
Mekkhala,2015011918,1,16.7,123.9,1004,13
Wilda,1973062806,0,10.5,127.8,1004,10
Wilda,1973062812,0,11.5,127.4,1004,10
Wilda,1973062818,0,12.5,126.9,1004,10
Wilda,1973062900,1,13.4,126.4,1004,15
Wilda,1973062906,1,14.2,125.6,1004,15
Wilda,1973062912,1,15.0,124.5,1004,15
Wilda,1973062918,1,15.9,123.3,1004,15
Wilda,1973063000,1,16.5,122.1,1004,15
Wilda,1973063006,1,16.9,121.0,1003,15
Wilda,1973063012,1,17.5,120.0,1003,15
Wilda,1973063018,1,17.9,119.2,1002,15
Wilda,1973070100,2,18.4,118.8,998,20
Wilda,1973070106,2,18.9,118.5,996,20
Wilda,1973070112,3,19.5,118.2,994,25
Wilda,1973070118,3,20.1,118.0,990,25
Wilda,1973070200,3,20.8,117.8,982,30
Wilda,1973070206,3,21.4,117.7,982,30
Wilda,1973070212,3,22.0,117.6,982,30
Wilda,1973070218,4,22.8,117.7,980,35
Wilda,1973070300,4,23.6,117.9,978,35
Wilda,1973070306,4,24.5,118.2,978,35
Wilda,1973070312,3,25.4,118.5,988,25
Wilda,1973070318,1,26.3,118.8,990,15
Wilda,1973070400,0,27.5,119.1,994,10
Wilda,1973070406,0,28.8,118.9,1000,9
Wilda,1973070412,0,29.4,117.1,1000,10
Wilda,1973070418,0,29.2,116.8,1000,10
Wilda,1973070500,0,29.2,116.3,1000,10
Wilda,1973070506,0,29.5,115.6,1002,10
Wilda,1973070512,0,29.8,114.9,1002,10
Wilda,1973070518,0,29.6,113.9,1002,9
Wilda,1973070600,0,28.9,112.9,1003,9
(nameless),2011040118,0,8.7,111.4,1006,10
(nameless),2011040200,1,8.9,111.3,1004,13
(nameless),2011040206,1,9.0,111.2,1004,13
(nameless),2011040212,1,9.3,111.2,1004,13
(nameless),2011040218,1,9.5,111.6,1000,15
(nameless),2011040300,1,9.3,111.8,1000,15
(nameless),2011040306,1,9.1,111.7,1004,13
(nameless),2011040312,0,8.8,111.5,1006,10
Dujuan,2021021612,1,6.7,136.3,1002,13
Dujuan,2021021618,1,6.7,135.3,1002,13
Dujuan,2021021700,1,6.5,134.2,1002,13
Dujuan,2021021706,1,6.6,133.5,1002,13
Dujuan,2021021712,1,6.6,133.1,1000,15
Dujuan,2021021718,1,6.7,132.7,1000,15
Dujuan,2021021800,2,7.0,132.6,998,18
Dujuan,2021021806,2,7.3,132.1,998,18
Dujuan,2021021812,2,7.2,131.8,995,20
Dujuan,2021021818,2,7.1,131.5,995,20
Dujuan,2021021900,2,7.0,131.2,995,20
Dujuan,2021021906,2,6.8,130.6,995,20
Dujuan,2021021912,2,6.5,130.3,990,23
Dujuan,2021021918,2,6.1,130.9,990,23
Dujuan,2021022000,2,6.4,131.4,995,20
Dujuan,2021022006,2,7.0,131.2,995,20
Dujuan,2021022012,2,7.7,130.3,998,18
Dujuan,2021022018,2,8.2,129.9,998,18
Dujuan,2021022100,2,8.7,129.6,998,18
Dujuan,2021022106,2,9.3,128.9,998,18
Dujuan,2021022112,1,10.1,127.1,1000,15
Dujuan,2021022118,1,10.9,125.7,1002,13
Dujuan,2021022200,1,12.2,124.3,1002,13
Dujuan,2021022206,1,13.0,123.7,1002,13
Dujuan,2021022212,0,13.7,123.2,1004,10
Dujuan,2021022218,0,14.1,122.3,1004,10
(nameless),1954030106,1,6.7,136.4,996,15
(nameless),1954030112,1,6.7,134.8,996,15
(nameless),1954030118,2,6.8,133.5,995,20
(nameless),1954030200,2,7.3,132.0,995,20
(nameless),1954030206,2,8.0,131.0,995,20
(nameless),1954030212,2,8.5,130.1,994,20
(nameless),1954030218,3,8.8,129.3,990,25
(nameless),1954030300,3,9.0,128.3,990,25
(nameless),1954030306,3,9.2,127.5,990,25
(nameless),1954030312,3,9.4,126.5,990,25
(nameless),1954030318,3,9.5,125.4,990,25
(nameless),1954030400,2,9.6,124.3,995,20
(nameless),1954030406,2,9.6,123.4,995,20
(nameless),1954030412,2,9.6,122.5,995,20
(nameless),1954030418,2,9.6,121.5,995,20
(nameless),1954030500,1,9.5,120.8,1000,15
(nameless),1954030506,0,9.3,120.7,1004,0
(nameless),1954030512,0,9.1,120.6,1004,0
(nameless),1954030518,0,9.0,120.4,1006,0
(nameless),1954030600,0,9.0,120.2,1008,0
(nameless),1954030606,0,9.0,120.0,1006,0
